title,company,location,apply_link
Data Analyst,Aditya Birla Capital,"Maharashtra, India",https://in.linkedin.com/jobs/view/data-analyst-at-aditya-birla-capital-4393216089?position=1&pageNum=0&refId=waoK9RQrmDUxkx2AZMlLOw%3D%3D&trackingId=3c94VrhuDjYeNjZIqijYhw%3D%3D
Data Analyst (Stata) | Remote,Crossing Hurdles,India,https://in.linkedin.com/jobs/view/data-analyst-stata-remote-at-crossing-hurdles-4403960305?position=2&pageNum=0&refId=waoK9RQrmDUxkx2AZMlLOw%3D%3D&trackingId=SNHlsvlpgWMAdW33pPaqWg%3D%3D
Data Analyst,Larsen & Toubro,"Mumbai, Maharashtra, India",https://in.linkedin.com/jobs/view/data-analyst-at-larsen-toubro-4402228798?position=3&pageNum=0&refId=waoK9RQrmDUxkx2AZMlLOw%3D%3D&trackingId=vpxjB70iJ%2BC4veXR%2FgIVhA%3D%3D
Data Analyst,PwC India,"Lucknow, Uttar Pradesh, India",https://in.linkedin.com/jobs/view/data-analyst-at-pwc-india-4399154671?position=4&pageNum=0&refId=waoK9RQrmDUxkx2AZMlLOw%3D%3D&trackingId=tVdZieH5jA6XjZ2JqX9tHg%3D%3D
Data Analyst,Infosys,"Bengaluru East, Karnataka, India",https://in.linkedin.com/jobs/view/data-analyst-at-infosys-4398766299?position=5&pageNum=0&refId=waoK9RQrmDUxkx2AZMlLOw%3D%3D&trackingId=VftambKq%2FwH7SGmntA8QMQ%3D%3D
Data Analyst,Persistent Systems,"Pune City, Maharashtra, India",https://in.linkedin.com/jobs/view/data-analyst-at-persistent-systems-4395024903?position=6&pageNum=0&refId=waoK9RQrmDUxkx2AZMlLOw%3D%3D&trackingId=7bEkOWbMeIrbGjK1l4dCJw%3D%3D
Data Analyst,EXL,"Bengaluru, Karnataka, India",https://in.linkedin.com/jobs/view/data-analyst-at-exl-4401605319?position=7&pageNum=0&refId=waoK9RQrmDUxkx2AZMlLOw%3D%3D&trackingId=waiPvSqbot7i%2Bse5pzhuxg%3D%3D
DATA ANALYST,Wipro,"Bengaluru, Karnataka, India",https://in.linkedin.com/jobs/view/data-analyst-at-wipro-4395286966?position=8&pageNum=0&refId=waoK9RQrmDUxkx2AZMlLOw%3D%3D&trackingId=i1vQ%2BgdIEuHRg79Tgli4xA%3D%3D
Data Analysis,EXL,"Gurugram, Haryana, India",https://in.linkedin.com/jobs/view/data-analysis-at-exl-4342246167?position=9&pageNum=0&refId=waoK9RQrmDUxkx2AZMlLOw%3D%3D&trackingId=YJWinUrQ%2F%2FciCwa%2FNwTm7Q%3D%3D
Data Analyst,Deloitte,"Bengaluru, Karnataka, India",https://in.linkedin.com/jobs/view/data-analyst-at-deloitte-4395604678?position=10&pageNum=0&refId=waoK9RQrmDUxkx2AZMlLOw%3D%3D&trackingId=O9V49aWfKVjXISU7CEYV2Q%3D%3D
Analyst - T&S,Swiggy,"Bengaluru, Karnataka, India",https://in.linkedin.com/jobs/view/analyst-t-s-at-swiggy-4404265677?position=11&pageNum=0&refId=waoK9RQrmDUxkx2AZMlLOw%3D%3D&trackingId=BnwzmcSR3Mzkg5o1ISgjOw%3D%3D
Data Analyst,HCLTech,"Hyderabad, Telangana, India",https://in.linkedin.com/jobs/view/data-analyst-at-hcltech-4398219696?position=12&pageNum=0&refId=waoK9RQrmDUxkx2AZMlLOw%3D%3D&trackingId=HirpFHPDR%2FlCth6Xt8082A%3D%3D
Senior Data Analyst,Capgemini,Greater Bengaluru Area,https://in.linkedin.com/jobs/view/senior-data-analyst-at-capgemini-4400426797?position=13&pageNum=0&refId=waoK9RQrmDUxkx2AZMlLOw%3D%3D&trackingId=kJDDanw3F3NvYnWFVL8FQw%3D%3D
Data Analyst – SQL/Power BI,Innover Digital,"Bengaluru, Karnataka, India",https://in.linkedin.com/jobs/view/data-analyst-%E2%80%93-sql-power-bi-at-innover-digital-4395942366?position=14&pageNum=0&refId=waoK9RQrmDUxkx2AZMlLOw%3D%3D&trackingId=ur0yqM5AHa0osJjCD4D2Lw%3D%3D
Data Analyst - Python & Power BI,BNP Paribas,"Mumbai, Maharashtra, India",https://in.linkedin.com/jobs/view/data-analyst-python-power-bi-at-bnp-paribas-4333323668?position=15&pageNum=0&refId=waoK9RQrmDUxkx2AZMlLOw%3D%3D&trackingId=KE%2FftyXHGIYIIupRzMKtkQ%3D%3D
Operations Data Analyst,Thiess,"Gurugram, Haryana, India",https://in.linkedin.com/jobs/view/operations-data-analyst-at-thiess-4402948632?position=16&pageNum=0&refId=waoK9RQrmDUxkx2AZMlLOw%3D%3D&trackingId=UuvqmWtfSSWX0GmVAN4G4g%3D%3D
Urgent Hiring - Data Analytics & Data Modelling Professional,PwC,"Mumbai, Maharashtra, India",https://in.linkedin.com/jobs/view/urgent-hiring-data-analytics-data-modelling-professional-at-pwc-4395959707?position=17&pageNum=0&refId=waoK9RQrmDUxkx2AZMlLOw%3D%3D&trackingId=neQvEYBYjTrxnLUr%2FSxsMQ%3D%3D
Reference Data Analyst,Deutsche Bank,"Bengaluru, Karnataka, India",https://in.linkedin.com/jobs/view/reference-data-analyst-at-deutsche-bank-4401338438?position=18&pageNum=0&refId=waoK9RQrmDUxkx2AZMlLOw%3D%3D&trackingId=CQXsxvX9baCU5LMLI3GTJg%3D%3D
Data Analyst,FedEx,"Bengaluru East, Karnataka, India",https://in.linkedin.com/jobs/view/data-analyst-at-fedex-4371039081?position=19&pageNum=0&refId=waoK9RQrmDUxkx2AZMlLOw%3D%3D&trackingId=2dCBA%2FTJYYHqS5jyY5mWQw%3D%3D
Data Analyst,HexaHealth,"Gurugram, Haryana, India",https://in.linkedin.com/jobs/view/data-analyst-at-hexahealth-4404563387?position=20&pageNum=0&refId=waoK9RQrmDUxkx2AZMlLOw%3D%3D&trackingId=dBZzwMmwDhYCmFDJkbJPrg%3D%3D
Data Analyst,super.money,"Gurugram, Haryana, India",https://in.linkedin.com/jobs/view/data-analyst-at-super-money-4391816210?position=21&pageNum=0&refId=waoK9RQrmDUxkx2AZMlLOw%3D%3D&trackingId=8dexocNHjESPHeet3Pygng%3D%3D
Data Analyst,Fusemachines,"Pune Division, Maharashtra, India",https://in.linkedin.com/jobs/view/data-analyst-at-fusemachines-4335416842?position=22&pageNum=0&refId=waoK9RQrmDUxkx2AZMlLOw%3D%3D&trackingId=EKBPjFkgK9yNiMFL9UYMUg%3D%3D
Data Analyst,FedEx,Mumbai Metropolitan Region,https://in.linkedin.com/jobs/view/data-analyst-at-fedex-4371029910?position=23&pageNum=0&refId=waoK9RQrmDUxkx2AZMlLOw%3D%3D&trackingId=7PQscUlkkn84goZYty%2BNCA%3D%3D
Data Analyst,SourceFuse,"Noida, Uttar Pradesh, India",https://in.linkedin.com/jobs/view/data-analyst-at-sourcefuse-4404272130?position=24&pageNum=0&refId=waoK9RQrmDUxkx2AZMlLOw%3D%3D&trackingId=0K%2BYHxhVydOEO9H9W%2FBApw%3D%3D
Operations Data Analyst,Thiess,"Gurugram, Haryana, India",https://in.linkedin.com/jobs/view/operations-data-analyst-at-thiess-4402937793?position=25&pageNum=0&refId=waoK9RQrmDUxkx2AZMlLOw%3D%3D&trackingId=v3ryUUcoasKi3gMzZsldyA%3D%3D
Data Analyst,PINKVILLA,"Mumbai, Maharashtra, India",https://in.linkedin.com/jobs/view/data-analyst-at-pinkvilla-4403933570?position=26&pageNum=0&refId=waoK9RQrmDUxkx2AZMlLOw%3D%3D&trackingId=Xn8UoE1DB74Da9pzjc5pJg%3D%3D
Data Analyst,Wiley,Pune/Pimpri-Chinchwad Area,https://in.linkedin.com/jobs/view/data-analyst-at-wiley-4381748256?position=27&pageNum=0&refId=waoK9RQrmDUxkx2AZMlLOw%3D%3D&trackingId=qp4ldP4XTTc%2FAJrNDtpQfQ%3D%3D
Data Analyst,Midtown Software,"Chandigarh, India",https://in.linkedin.com/jobs/view/data-analyst-at-midtown-software-4372509916?position=28&pageNum=0&refId=waoK9RQrmDUxkx2AZMlLOw%3D%3D&trackingId=%2FKN3XerosPM58BGcy7DGFw%3D%3D
Data Analyst,Infosys,"Hyderabad, Telangana, India",https://in.linkedin.com/jobs/view/data-analyst-at-infosys-4405077501?position=29&pageNum=0&refId=waoK9RQrmDUxkx2AZMlLOw%3D%3D&trackingId=u56gc%2FaOA9XCzF0FGJym%2Bw%3D%3D
Data Logger,SLB,"Navi Mumbai, Maharashtra, India",https://in.linkedin.com/jobs/view/data-logger-at-slb-4401622282?position=30&pageNum=0&refId=waoK9RQrmDUxkx2AZMlLOw%3D%3D&trackingId=sVCKj7qjMMqMVO6meLdSfA%3D%3D
Data Analyst,Citi,"Haryana, India",https://in.linkedin.com/jobs/view/data-analyst-at-citi-4398192348?position=31&pageNum=0&refId=waoK9RQrmDUxkx2AZMlLOw%3D%3D&trackingId=OYQS8gk3E%2FfqFZOwjJNr%2FQ%3D%3D
Data Analyst,Virtusa,"Bangalore Urban, Karnataka, India",https://in.linkedin.com/jobs/view/data-analyst-at-virtusa-4399532783?position=32&pageNum=0&refId=waoK9RQrmDUxkx2AZMlLOw%3D%3D&trackingId=o88T9si8TGVA9eMfOHnCxw%3D%3D
Consultant,Infosys,"Bangalore Urban, Karnataka, India",https://in.linkedin.com/jobs/view/consultant-at-infosys-4392197582?position=33&pageNum=0&refId=waoK9RQrmDUxkx2AZMlLOw%3D%3D&trackingId=rboTPQNsbvf6H0xkVzlQkA%3D%3D
DGM Data Analyst,airtel,"Gurugram, Haryana, India",https://in.linkedin.com/jobs/view/dgm-data-analyst-at-airtel-4402438355?position=34&pageNum=0&refId=waoK9RQrmDUxkx2AZMlLOw%3D%3D&trackingId=b2vT73xcw7Bmm4xqaYutZA%3D%3D
"Data Analysts, ETL, SQL, Informatica",Infosys,"Hyderabad, Telangana, India",https://in.linkedin.com/jobs/view/data-analysts-etl-sql-informatica-at-infosys-4397274564?position=35&pageNum=0&refId=waoK9RQrmDUxkx2AZMlLOw%3D%3D&trackingId=ltUDBdtjoqjviGn4qXh%2BFA%3D%3D
"Data Analysts, ETL, SQL, Informatica",Infosys,"Hyderabad, Telangana, India",https://in.linkedin.com/jobs/view/data-analysts-etl-sql-informatica-at-infosys-4397228196?position=36&pageNum=0&refId=waoK9RQrmDUxkx2AZMlLOw%3D%3D&trackingId=CF5iZbaXeBFj0QNlGcPPfQ%3D%3D
Associate Data Insight Analyst [T500-24881],Albertsons Companies India,"Bengaluru, Karnataka, India",https://in.linkedin.com/jobs/view/associate-data-insight-analyst-t500-24881-at-albertsons-companies-india-4394649006?position=37&pageNum=0&refId=waoK9RQrmDUxkx2AZMlLOw%3D%3D&trackingId=MuD8dUkbLBX%2Fxvvv8fiehQ%3D%3D
Data Analyst,Randstad Enterprise,India,https://in.linkedin.com/jobs/view/data-analyst-at-randstad-enterprise-4380251175?position=38&pageNum=0&refId=waoK9RQrmDUxkx2AZMlLOw%3D%3D&trackingId=prYvseiSWgjdgZZCLdt16A%3D%3D
Data Analyst,UST,"Pune City, Maharashtra, India",https://in.linkedin.com/jobs/view/data-analyst-at-ust-4397671776?position=39&pageNum=0&refId=waoK9RQrmDUxkx2AZMlLOw%3D%3D&trackingId=X8nTXLyxf3DhFb8fxSUykQ%3D%3D
"Data Analyst (SQL,HDFS, Hive)",RiskInsight Consulting Pvt Ltd.,"Bengaluru, Karnataka, India",https://in.linkedin.com/jobs/view/data-analyst-sql-hdfs-hive-at-riskinsight-consulting-pvt-ltd-4370337080?position=40&pageNum=0&refId=waoK9RQrmDUxkx2AZMlLOw%3D%3D&trackingId=nB77O17IRmfQ7P%2FUT7bEuA%3D%3D
Associate Data Analyst - Enterprise & Reporting,Circle K,"Gurugram, Haryana, India",https://in.linkedin.com/jobs/view/associate-data-analyst-enterprise-reporting-at-circle-k-4395998183?position=41&pageNum=0&refId=waoK9RQrmDUxkx2AZMlLOw%3D%3D&trackingId=SMjzYvMb1CNDhjRTWCML%2Fw%3D%3D
Data Analyst,LTM,Greater Bengaluru Area,https://in.linkedin.com/jobs/view/data-analyst-at-ltm-4394899531?position=42&pageNum=0&refId=waoK9RQrmDUxkx2AZMlLOw%3D%3D&trackingId=tLco4YRqtQKvX9wXKKXHlQ%3D%3D
Data Analyst/Engineer – SCG India,SCG,"New Delhi, Delhi, India",https://in.linkedin.com/jobs/view/data-analyst-engineer-%E2%80%93-scg-india-at-scg-4298398443?position=43&pageNum=0&refId=waoK9RQrmDUxkx2AZMlLOw%3D%3D&trackingId=pnz%2B%2FvBKIQ2RHn13IxN7Ow%3D%3D
Data Analyst,Fluid Touch Pte Ltd,"Hyderabad, Telangana, India",https://in.linkedin.com/jobs/view/data-analyst-at-fluid-touch-pte-ltd-4397762539?position=44&pageNum=0&refId=waoK9RQrmDUxkx2AZMlLOw%3D%3D&trackingId=meqxYwkU1OpIINSZMB655A%3D%3D
Data Analyst,Insight Global,"Bengaluru, Karnataka, India",https://in.linkedin.com/jobs/view/data-analyst-at-insight-global-4401460038?position=45&pageNum=0&refId=waoK9RQrmDUxkx2AZMlLOw%3D%3D&trackingId=Sd2hAdMJjRZUp3wYYJS4WQ%3D%3D
Data & Records Governance Analyst,hackajob,"Pune Division, Maharashtra, India",https://in.linkedin.com/jobs/view/data-records-governance-analyst-at-hackajob-4394459329?position=46&pageNum=0&refId=waoK9RQrmDUxkx2AZMlLOw%3D%3D&trackingId=UytXxTB657MsnalqGrhPmw%3D%3D
Data Analyst,"Enterprise Minds, Inc","Bengaluru, Karnataka, India",https://in.linkedin.com/jobs/view/data-analyst-at-enterprise-minds-inc-4393034116?position=47&pageNum=0&refId=waoK9RQrmDUxkx2AZMlLOw%3D%3D&trackingId=aVus6uiCIAJBDRwdmm5owA%3D%3D
BI & Data Analyst,Ajmera Realty & Infra India Ltd.,"Mumbai, Maharashtra, India",https://in.linkedin.com/jobs/view/bi-data-analyst-at-ajmera-realty-infra-india-ltd-4396962511?position=48&pageNum=0&refId=waoK9RQrmDUxkx2AZMlLOw%3D%3D&trackingId=HMKNQvUr6ItFnHK5zeOuNQ%3D%3D
"Data Analyst (Remote, India)",Peakflo (YC W22),India,https://in.linkedin.com/jobs/view/data-analyst-remote-india-at-peakflo-yc-w22-4326039582?position=49&pageNum=0&refId=waoK9RQrmDUxkx2AZMlLOw%3D%3D&trackingId=Wre%2FPps42TKTB%2BUlRP%2Biag%3D%3D
Associate,PwC India,"New Delhi, Delhi, India",https://in.linkedin.com/jobs/view/associate-at-pwc-india-4291067264?position=50&pageNum=0&refId=waoK9RQrmDUxkx2AZMlLOw%3D%3D&trackingId=8UqUJyxineTs1yb3JSGL9g%3D%3D
Data Analyst (Freelancer),Deccan AI Experts,"Gurugram, Haryana, India",https://in.linkedin.com/jobs/view/data-analyst-freelancer-at-deccan-ai-experts-4398356824?position=51&pageNum=0&refId=waoK9RQrmDUxkx2AZMlLOw%3D%3D&trackingId=9JccLqFc2S9Uj2bM1979Kg%3D%3D
Data Analyst (Freelancer),Deccan AI Experts,"Mumbai, Maharashtra, India",https://in.linkedin.com/jobs/view/data-analyst-freelancer-at-deccan-ai-experts-4398372086?position=52&pageNum=0&refId=waoK9RQrmDUxkx2AZMlLOw%3D%3D&trackingId=CAVITMkbyKwKFSc6bBb0MA%3D%3D
Data Analyst,Tata Consultancy Services,"Chennai, Tamil Nadu, India",https://in.linkedin.com/jobs/view/data-analyst-at-tata-consultancy-services-4404063757?position=53&pageNum=0&refId=waoK9RQrmDUxkx2AZMlLOw%3D%3D&trackingId=FBIIuKCfAd%2FN3awC32Gujg%3D%3D
Data Analyst - Python and Spark,Citi,"Haryana, India",https://in.linkedin.com/jobs/view/data-analyst-python-and-spark-at-citi-4402707726?position=54&pageNum=0&refId=waoK9RQrmDUxkx2AZMlLOw%3D%3D&trackingId=RFgUgPo5z88jzUMg78wyqg%3D%3D
Data Analyst,Aditya Birla Capital,"Maharashtra, India",https://in.linkedin.com/jobs/view/data-analyst-at-aditya-birla-capital-4393216089?position=1&pageNum=0&refId=82U13r8EqjfYPRLU787tXQ%3D%3D&trackingId=Sr6YIudWd1jc%2B%2F8HCUdXQg%3D%3D
Data Analyst (Stata) | Remote,Crossing Hurdles,India,https://in.linkedin.com/jobs/view/data-analyst-stata-remote-at-crossing-hurdles-4403960305?position=2&pageNum=0&refId=82U13r8EqjfYPRLU787tXQ%3D%3D&trackingId=tHo3YmxK0z3i8z5dmPgaEA%3D%3D
Data Analyst,Larsen & Toubro,"Mumbai, Maharashtra, India",https://in.linkedin.com/jobs/view/data-analyst-at-larsen-toubro-4402228798?position=3&pageNum=0&refId=82U13r8EqjfYPRLU787tXQ%3D%3D&trackingId=VNsXUYbWfzyQQMWPZ1XTNg%3D%3D
Data Analyst,PwC India,"Lucknow, Uttar Pradesh, India",https://in.linkedin.com/jobs/view/data-analyst-at-pwc-india-4399154671?position=4&pageNum=0&refId=82U13r8EqjfYPRLU787tXQ%3D%3D&trackingId=dgbIAL9P1Rlft7ah2ojRsg%3D%3D
Data Analyst,Infosys,"Bengaluru East, Karnataka, India",https://in.linkedin.com/jobs/view/data-analyst-at-infosys-4398766299?position=5&pageNum=0&refId=82U13r8EqjfYPRLU787tXQ%3D%3D&trackingId=NCV%2BXKAUQeD9MZT6FfVWLQ%3D%3D
Data Analyst,Persistent Systems,"Pune City, Maharashtra, India",https://in.linkedin.com/jobs/view/data-analyst-at-persistent-systems-4395024903?position=6&pageNum=0&refId=82U13r8EqjfYPRLU787tXQ%3D%3D&trackingId=qbpjD%2F3T6nJEjSnCFgPyxQ%3D%3D
Data Analyst,EXL,"Bengaluru, Karnataka, India",https://in.linkedin.com/jobs/view/data-analyst-at-exl-4401605319?position=7&pageNum=0&refId=82U13r8EqjfYPRLU787tXQ%3D%3D&trackingId=wT8EgdrV2j5vN6tgg2DeuQ%3D%3D
DATA ANALYST,Wipro,"Bengaluru, Karnataka, India",https://in.linkedin.com/jobs/view/data-analyst-at-wipro-4395286966?position=8&pageNum=0&refId=82U13r8EqjfYPRLU787tXQ%3D%3D&trackingId=dB0YHf8Ago6hF1AQrrlPQg%3D%3D
Data Analysis,EXL,"Gurugram, Haryana, India",https://in.linkedin.com/jobs/view/data-analysis-at-exl-4342246167?position=9&pageNum=0&refId=82U13r8EqjfYPRLU787tXQ%3D%3D&trackingId=0G6HulA6xN4HkOxrVQI69A%3D%3D
Data Analyst,Deloitte,"Bengaluru, Karnataka, India",https://in.linkedin.com/jobs/view/data-analyst-at-deloitte-4395604678?position=10&pageNum=0&refId=82U13r8EqjfYPRLU787tXQ%3D%3D&trackingId=JYLgHY6I7yi9XN3cS%2Bd3TQ%3D%3D
Analyst - T&S,Swiggy,"Bengaluru, Karnataka, India",https://in.linkedin.com/jobs/view/analyst-t-s-at-swiggy-4404265677?position=11&pageNum=0&refId=82U13r8EqjfYPRLU787tXQ%3D%3D&trackingId=MF7s45vChrvF4IHAVGiPyQ%3D%3D
Data Analyst,HCLTech,"Hyderabad, Telangana, India",https://in.linkedin.com/jobs/view/data-analyst-at-hcltech-4398219696?position=12&pageNum=0&refId=82U13r8EqjfYPRLU787tXQ%3D%3D&trackingId=CqFFnmxEZJjTlJ0rSbK8uA%3D%3D
Senior Data Analyst,Capgemini,Greater Bengaluru Area,https://in.linkedin.com/jobs/view/senior-data-analyst-at-capgemini-4400426797?position=13&pageNum=0&refId=82U13r8EqjfYPRLU787tXQ%3D%3D&trackingId=hOP%2FQ6hACOh3VvYSM2kTxQ%3D%3D
Data Analyst – SQL/Power BI,Innover Digital,"Bengaluru, Karnataka, India",https://in.linkedin.com/jobs/view/data-analyst-%E2%80%93-sql-power-bi-at-innover-digital-4395942366?position=14&pageNum=0&refId=82U13r8EqjfYPRLU787tXQ%3D%3D&trackingId=qBB%2BPL0G%2F7yemYS%2BJXz1mQ%3D%3D
Data Analyst - Python & Power BI,BNP Paribas,"Mumbai, Maharashtra, India",https://in.linkedin.com/jobs/view/data-analyst-python-power-bi-at-bnp-paribas-4333323668?position=15&pageNum=0&refId=82U13r8EqjfYPRLU787tXQ%3D%3D&trackingId=pizSViSYmLJFkfTAHSdZvg%3D%3D
Operations Data Analyst,Thiess,"Gurugram, Haryana, India",https://in.linkedin.com/jobs/view/operations-data-analyst-at-thiess-4402948632?position=16&pageNum=0&refId=82U13r8EqjfYPRLU787tXQ%3D%3D&trackingId=nmBgcmCZMzw2b4XxrlPVVA%3D%3D
Urgent Hiring - Data Analytics & Data Modelling Professional,PwC,"Mumbai, Maharashtra, India",https://in.linkedin.com/jobs/view/urgent-hiring-data-analytics-data-modelling-professional-at-pwc-4395959707?position=17&pageNum=0&refId=82U13r8EqjfYPRLU787tXQ%3D%3D&trackingId=Ukmql2LO0vZJYY%2BeWvXS4g%3D%3D
Reference Data Analyst,Deutsche Bank,"Bengaluru, Karnataka, India",https://in.linkedin.com/jobs/view/reference-data-analyst-at-deutsche-bank-4401338438?position=18&pageNum=0&refId=82U13r8EqjfYPRLU787tXQ%3D%3D&trackingId=bq1F%2BERngGE0mrWeLdp8Jg%3D%3D
Data Analyst,FedEx,"Bengaluru East, Karnataka, India",https://in.linkedin.com/jobs/view/data-analyst-at-fedex-4371039081?position=19&pageNum=0&refId=82U13r8EqjfYPRLU787tXQ%3D%3D&trackingId=a5wIYzmvwy6LZOYXgjQ%2F4w%3D%3D
Data Analyst,HexaHealth,"Gurugram, Haryana, India",https://in.linkedin.com/jobs/view/data-analyst-at-hexahealth-4404563387?position=20&pageNum=0&refId=82U13r8EqjfYPRLU787tXQ%3D%3D&trackingId=56iodD7%2BPssZBcj46pPO7w%3D%3D
Data Analyst,super.money,"Gurugram, Haryana, India",https://in.linkedin.com/jobs/view/data-analyst-at-super-money-4391816210?position=21&pageNum=0&refId=82U13r8EqjfYPRLU787tXQ%3D%3D&trackingId=htYaONdhSRJ%2Fzgx5DDqIjg%3D%3D
Data Analyst,Fusemachines,"Pune Division, Maharashtra, India",https://in.linkedin.com/jobs/view/data-analyst-at-fusemachines-4335416842?position=22&pageNum=0&refId=82U13r8EqjfYPRLU787tXQ%3D%3D&trackingId=ogJvM%2F2EHaCfftzYetnVUA%3D%3D
Data Analyst,FedEx,Mumbai Metropolitan Region,https://in.linkedin.com/jobs/view/data-analyst-at-fedex-4371029910?position=23&pageNum=0&refId=82U13r8EqjfYPRLU787tXQ%3D%3D&trackingId=DWdETxi3j5ioQ6qLA%2Fuojw%3D%3D
Data Analyst,SourceFuse,"Noida, Uttar Pradesh, India",https://in.linkedin.com/jobs/view/data-analyst-at-sourcefuse-4404272130?position=24&pageNum=0&refId=82U13r8EqjfYPRLU787tXQ%3D%3D&trackingId=HnxroogHtR6TSilGVLZlxA%3D%3D
Operations Data Analyst,Thiess,"Gurugram, Haryana, India",https://in.linkedin.com/jobs/view/operations-data-analyst-at-thiess-4402937793?position=25&pageNum=0&refId=82U13r8EqjfYPRLU787tXQ%3D%3D&trackingId=zDjrz%2BcK5qEuQspqyvmpcw%3D%3D
Data Analyst,PINKVILLA,"Mumbai, Maharashtra, India",https://in.linkedin.com/jobs/view/data-analyst-at-pinkvilla-4403933570?position=26&pageNum=0&refId=82U13r8EqjfYPRLU787tXQ%3D%3D&trackingId=c6Vjv1XVlTc%2BQVwyJ3td1A%3D%3D
Data Analyst,Wiley,Pune/Pimpri-Chinchwad Area,https://in.linkedin.com/jobs/view/data-analyst-at-wiley-4381748256?position=27&pageNum=0&refId=82U13r8EqjfYPRLU787tXQ%3D%3D&trackingId=3cDqi93XZYI5zMnmK3Rcrw%3D%3D
Data Analyst,Midtown Software,"Chandigarh, India",https://in.linkedin.com/jobs/view/data-analyst-at-midtown-software-4372509916?position=28&pageNum=0&refId=82U13r8EqjfYPRLU787tXQ%3D%3D&trackingId=syQX7RjNmZQ6NZ6JFIcH2Q%3D%3D
Data Analyst,Infosys,"Hyderabad, Telangana, India",https://in.linkedin.com/jobs/view/data-analyst-at-infosys-4405077501?position=29&pageNum=0&refId=82U13r8EqjfYPRLU787tXQ%3D%3D&trackingId=q2o4jpsHvaW%2FFKsW4r6N9g%3D%3D
Data Logger,SLB,"Navi Mumbai, Maharashtra, India",https://in.linkedin.com/jobs/view/data-logger-at-slb-4401622282?position=30&pageNum=0&refId=82U13r8EqjfYPRLU787tXQ%3D%3D&trackingId=QlXTB%2FumsXi0NtlWKz7Ciw%3D%3D
Data Analyst,Citi,"Haryana, India",https://in.linkedin.com/jobs/view/data-analyst-at-citi-4398192348?position=31&pageNum=0&refId=82U13r8EqjfYPRLU787tXQ%3D%3D&trackingId=WKdzjweS7BaXEFVy4A7XVA%3D%3D
Data Analyst,Virtusa,"Bangalore Urban, Karnataka, India",https://in.linkedin.com/jobs/view/data-analyst-at-virtusa-4399532783?position=32&pageNum=0&refId=82U13r8EqjfYPRLU787tXQ%3D%3D&trackingId=4WQ%2FHTQYoqbCS6MwMwvMZA%3D%3D
Consultant,Infosys,"Bangalore Urban, Karnataka, India",https://in.linkedin.com/jobs/view/consultant-at-infosys-4392197582?position=33&pageNum=0&refId=82U13r8EqjfYPRLU787tXQ%3D%3D&trackingId=Mk82gnHVGqv9CNoRo4Jw9g%3D%3D
DGM Data Analyst,airtel,"Gurugram, Haryana, India",https://in.linkedin.com/jobs/view/dgm-data-analyst-at-airtel-4402438355?position=34&pageNum=0&refId=82U13r8EqjfYPRLU787tXQ%3D%3D&trackingId=ZT8UJJzKC2iA8Pln0SMP4A%3D%3D
"Data Analysts, ETL, SQL, Informatica",Infosys,"Hyderabad, Telangana, India",https://in.linkedin.com/jobs/view/data-analysts-etl-sql-informatica-at-infosys-4397274564?position=35&pageNum=0&refId=82U13r8EqjfYPRLU787tXQ%3D%3D&trackingId=msE9cSMIzUayaSEyrhIJtg%3D%3D
"Data Analysts, ETL, SQL, Informatica",Infosys,"Hyderabad, Telangana, India",https://in.linkedin.com/jobs/view/data-analysts-etl-sql-informatica-at-infosys-4397228196?position=36&pageNum=0&refId=82U13r8EqjfYPRLU787tXQ%3D%3D&trackingId=3CLJSbotnV4DH0%2Ficg5wFw%3D%3D
Associate Data Insight Analyst [T500-24881],Albertsons Companies India,"Bengaluru, Karnataka, India",https://in.linkedin.com/jobs/view/associate-data-insight-analyst-t500-24881-at-albertsons-companies-india-4394649006?position=37&pageNum=0&refId=82U13r8EqjfYPRLU787tXQ%3D%3D&trackingId=m7obFBMNjjFZ9fdr26Nbeg%3D%3D
Data Analyst,Randstad Enterprise,India,https://in.linkedin.com/jobs/view/data-analyst-at-randstad-enterprise-4380251175?position=38&pageNum=0&refId=82U13r8EqjfYPRLU787tXQ%3D%3D&trackingId=Xst1dO9e6kAlDtxHyMZ4aQ%3D%3D
Data Analyst,UST,"Pune City, Maharashtra, India",https://in.linkedin.com/jobs/view/data-analyst-at-ust-4397671776?position=39&pageNum=0&refId=82U13r8EqjfYPRLU787tXQ%3D%3D&trackingId=igoLpBN%2BAl4trjJ2XnInFQ%3D%3D
"Data Analyst (SQL,HDFS, Hive)",RiskInsight Consulting Pvt Ltd.,"Bengaluru, Karnataka, India",https://in.linkedin.com/jobs/view/data-analyst-sql-hdfs-hive-at-riskinsight-consulting-pvt-ltd-4370337080?position=40&pageNum=0&refId=82U13r8EqjfYPRLU787tXQ%3D%3D&trackingId=ksdteeut%2BLAlh1ElAdq9cw%3D%3D
Associate Data Analyst - Enterprise & Reporting,Circle K,"Gurugram, Haryana, India",https://in.linkedin.com/jobs/view/associate-data-analyst-enterprise-reporting-at-circle-k-4395998183?position=41&pageNum=0&refId=82U13r8EqjfYPRLU787tXQ%3D%3D&trackingId=VFk6trYCcQivb2BDYv2hXw%3D%3D
Data Analyst,LTM,Greater Bengaluru Area,https://in.linkedin.com/jobs/view/data-analyst-at-ltm-4394899531?position=42&pageNum=0&refId=82U13r8EqjfYPRLU787tXQ%3D%3D&trackingId=KTnuFbHsU3oskbrbfIxFfQ%3D%3D
Data Analyst/Engineer – SCG India,SCG,"New Delhi, Delhi, India",https://in.linkedin.com/jobs/view/data-analyst-engineer-%E2%80%93-scg-india-at-scg-4298398443?position=43&pageNum=0&refId=82U13r8EqjfYPRLU787tXQ%3D%3D&trackingId=O01%2BPAwlJKfpOMYwua6KMw%3D%3D
Data Analyst,Fluid Touch Pte Ltd,"Hyderabad, Telangana, India",https://in.linkedin.com/jobs/view/data-analyst-at-fluid-touch-pte-ltd-4397762539?position=44&pageNum=0&refId=82U13r8EqjfYPRLU787tXQ%3D%3D&trackingId=st9ocL8yVkuFEDBVUoKfGQ%3D%3D
Data Analyst,Insight Global,"Bengaluru, Karnataka, India",https://in.linkedin.com/jobs/view/data-analyst-at-insight-global-4401460038?position=45&pageNum=0&refId=82U13r8EqjfYPRLU787tXQ%3D%3D&trackingId=T6MeokGqAD2o%2BjJrTNvmcg%3D%3D
Data & Records Governance Analyst,hackajob,"Pune Division, Maharashtra, India",https://in.linkedin.com/jobs/view/data-records-governance-analyst-at-hackajob-4394459329?position=46&pageNum=0&refId=82U13r8EqjfYPRLU787tXQ%3D%3D&trackingId=FLk1izrMRsxulIOqcOJYvw%3D%3D
Data Analyst,"Enterprise Minds, Inc","Bengaluru, Karnataka, India",https://in.linkedin.com/jobs/view/data-analyst-at-enterprise-minds-inc-4393034116?position=47&pageNum=0&refId=82U13r8EqjfYPRLU787tXQ%3D%3D&trackingId=JNUba1Vb5hSheFcqO6HiKA%3D%3D
BI & Data Analyst,Ajmera Realty & Infra India Ltd.,"Mumbai, Maharashtra, India",https://in.linkedin.com/jobs/view/bi-data-analyst-at-ajmera-realty-infra-india-ltd-4396962511?position=48&pageNum=0&refId=82U13r8EqjfYPRLU787tXQ%3D%3D&trackingId=BVbq7R%2FkGljbBX80Mz6MYA%3D%3D
"Data Analyst (Remote, India)",Peakflo (YC W22),India,https://in.linkedin.com/jobs/view/data-analyst-remote-india-at-peakflo-yc-w22-4326039582?position=49&pageNum=0&refId=82U13r8EqjfYPRLU787tXQ%3D%3D&trackingId=Q24kIKIrc5O7L16IjwF2FA%3D%3D
Associate,PwC India,"New Delhi, Delhi, India",https://in.linkedin.com/jobs/view/associate-at-pwc-india-4291067264?position=50&pageNum=0&refId=82U13r8EqjfYPRLU787tXQ%3D%3D&trackingId=EQeEGTWUjQCY7HsHdTiMxQ%3D%3D
Data Analyst (Freelancer),Deccan AI Experts,"Gurugram, Haryana, India",https://in.linkedin.com/jobs/view/data-analyst-freelancer-at-deccan-ai-experts-4398356824?position=51&pageNum=0&refId=82U13r8EqjfYPRLU787tXQ%3D%3D&trackingId=p7wOxnWq8kxqlTHCexV25w%3D%3D
Data Analyst (Freelancer),Deccan AI Experts,"Mumbai, Maharashtra, India",https://in.linkedin.com/jobs/view/data-analyst-freelancer-at-deccan-ai-experts-4398372086?position=52&pageNum=0&refId=82U13r8EqjfYPRLU787tXQ%3D%3D&trackingId=uqyoN0HUQXs4W4U5lZ0eLw%3D%3D
Data Analyst,Tata Consultancy Services,"Chennai, Tamil Nadu, India",https://in.linkedin.com/jobs/view/data-analyst-at-tata-consultancy-services-4404063757?position=53&pageNum=0&refId=82U13r8EqjfYPRLU787tXQ%3D%3D&trackingId=70rV7qThOK5YtiXtS9Kr7g%3D%3D
Data Analyst - Python and Spark,Citi,"Haryana, India",https://in.linkedin.com/jobs/view/data-analyst-python-and-spark-at-citi-4402707726?position=54&pageNum=0&refId=82U13r8EqjfYPRLU787tXQ%3D%3D&trackingId=Dco2U%2B2T02EVhPgsR4bwFA%3D%3D
Data Analyst,Aditya Birla Capital,"Maharashtra, India",https://in.linkedin.com/jobs/view/data-analyst-at-aditya-birla-capital-4393216089?position=1&pageNum=0&refId=wWgVXFQV1c6yOpwVjYB5gg%3D%3D&trackingId=9EfIa6GO3%2BaMf0SfX0VsKA%3D%3D
Data Analyst (Stata) | Remote,Crossing Hurdles,India,https://in.linkedin.com/jobs/view/data-analyst-stata-remote-at-crossing-hurdles-4403960305?position=2&pageNum=0&refId=wWgVXFQV1c6yOpwVjYB5gg%3D%3D&trackingId=VueKkst92GOU3UUthDs8BA%3D%3D
Data Analyst,Larsen & Toubro,"Mumbai, Maharashtra, India",https://in.linkedin.com/jobs/view/data-analyst-at-larsen-toubro-4402228798?position=3&pageNum=0&refId=wWgVXFQV1c6yOpwVjYB5gg%3D%3D&trackingId=ZA7N3quwwAD19cLOMSYCCA%3D%3D
Data Analyst,PwC India,"Lucknow, Uttar Pradesh, India",https://in.linkedin.com/jobs/view/data-analyst-at-pwc-india-4399154671?position=4&pageNum=0&refId=wWgVXFQV1c6yOpwVjYB5gg%3D%3D&trackingId=MjlD%2BiOcM62uRFk0huFtbQ%3D%3D
Data Analyst,Infosys,"Bengaluru East, Karnataka, India",https://in.linkedin.com/jobs/view/data-analyst-at-infosys-4398766299?position=5&pageNum=0&refId=wWgVXFQV1c6yOpwVjYB5gg%3D%3D&trackingId=DhiX%2BZtvM1iRAzo8GjemqQ%3D%3D
Data Analyst,Persistent Systems,"Pune City, Maharashtra, India",https://in.linkedin.com/jobs/view/data-analyst-at-persistent-systems-4395024903?position=6&pageNum=0&refId=wWgVXFQV1c6yOpwVjYB5gg%3D%3D&trackingId=dRGPIRHOJdIkBs4O1KsjCQ%3D%3D
Data Analyst,EXL,"Bengaluru, Karnataka, India",https://in.linkedin.com/jobs/view/data-analyst-at-exl-4401605319?position=7&pageNum=0&refId=wWgVXFQV1c6yOpwVjYB5gg%3D%3D&trackingId=VyqBKrBoN5Y0zdrb54aWXw%3D%3D
DATA ANALYST,Wipro,"Bengaluru, Karnataka, India",https://in.linkedin.com/jobs/view/data-analyst-at-wipro-4395286966?position=8&pageNum=0&refId=wWgVXFQV1c6yOpwVjYB5gg%3D%3D&trackingId=hwv6kpKV%2BlDlN6lKwS9FNg%3D%3D
Data Analysis,EXL,"Gurugram, Haryana, India",https://in.linkedin.com/jobs/view/data-analysis-at-exl-4342246167?position=9&pageNum=0&refId=wWgVXFQV1c6yOpwVjYB5gg%3D%3D&trackingId=h5EvOauuCb6oFZCoMqeoQw%3D%3D
Data Analyst,Deloitte,"Bengaluru, Karnataka, India",https://in.linkedin.com/jobs/view/data-analyst-at-deloitte-4395604678?position=10&pageNum=0&refId=wWgVXFQV1c6yOpwVjYB5gg%3D%3D&trackingId=lP29HqKGJJFnF%2BRYM5SNLQ%3D%3D
Analyst - T&S,Swiggy,"Bengaluru, Karnataka, India",https://in.linkedin.com/jobs/view/analyst-t-s-at-swiggy-4404265677?position=11&pageNum=0&refId=wWgVXFQV1c6yOpwVjYB5gg%3D%3D&trackingId=9meTeA%2Fi2ovyLzktoZe21w%3D%3D
Data Analyst,HCLTech,"Hyderabad, Telangana, India",https://in.linkedin.com/jobs/view/data-analyst-at-hcltech-4398219696?position=12&pageNum=0&refId=wWgVXFQV1c6yOpwVjYB5gg%3D%3D&trackingId=Rh1n6MS0rpsv8AB1uaJ8RA%3D%3D
Senior Data Analyst,Capgemini,Greater Bengaluru Area,https://in.linkedin.com/jobs/view/senior-data-analyst-at-capgemini-4400426797?position=13&pageNum=0&refId=wWgVXFQV1c6yOpwVjYB5gg%3D%3D&trackingId=FDdTAxDcVHyNOM%2BdzL5RCA%3D%3D
Data Analyst – SQL/Power BI,Innover Digital,"Bengaluru, Karnataka, India",https://in.linkedin.com/jobs/view/data-analyst-%E2%80%93-sql-power-bi-at-innover-digital-4395942366?position=14&pageNum=0&refId=wWgVXFQV1c6yOpwVjYB5gg%3D%3D&trackingId=8yv0clblI4eQ5lhUpFWpFA%3D%3D
Data Analyst - Python & Power BI,BNP Paribas,"Mumbai, Maharashtra, India",https://in.linkedin.com/jobs/view/data-analyst-python-power-bi-at-bnp-paribas-4333323668?position=15&pageNum=0&refId=wWgVXFQV1c6yOpwVjYB5gg%3D%3D&trackingId=sTmLrg4L1tPVeg1WtghuYg%3D%3D
Operations Data Analyst,Thiess,"Gurugram, Haryana, India",https://in.linkedin.com/jobs/view/operations-data-analyst-at-thiess-4402948632?position=16&pageNum=0&refId=wWgVXFQV1c6yOpwVjYB5gg%3D%3D&trackingId=FENHKo%2BZ%2Ffhpa07c2D2hGA%3D%3D
Urgent Hiring - Data Analytics & Data Modelling Professional,PwC,"Mumbai, Maharashtra, India",https://in.linkedin.com/jobs/view/urgent-hiring-data-analytics-data-modelling-professional-at-pwc-4395959707?position=17&pageNum=0&refId=wWgVXFQV1c6yOpwVjYB5gg%3D%3D&trackingId=Rnj0ivieUgfLAF8wcQhT%2Bw%3D%3D
Reference Data Analyst,Deutsche Bank,"Bengaluru, Karnataka, India",https://in.linkedin.com/jobs/view/reference-data-analyst-at-deutsche-bank-4401338438?position=18&pageNum=0&refId=wWgVXFQV1c6yOpwVjYB5gg%3D%3D&trackingId=2LSsdoqyIZvMtXmkSGhXqg%3D%3D
Data Analyst,FedEx,"Bengaluru East, Karnataka, India",https://in.linkedin.com/jobs/view/data-analyst-at-fedex-4371039081?position=19&pageNum=0&refId=wWgVXFQV1c6yOpwVjYB5gg%3D%3D&trackingId=bdTo%2BAfqjfgIQyRjrKp4Rg%3D%3D
Data Analyst,HexaHealth,"Gurugram, Haryana, India",https://in.linkedin.com/jobs/view/data-analyst-at-hexahealth-4404563387?position=20&pageNum=0&refId=wWgVXFQV1c6yOpwVjYB5gg%3D%3D&trackingId=wAQkPlj9QjvnzuGXXWpuNA%3D%3D
Data Analyst,super.money,"Gurugram, Haryana, India",https://in.linkedin.com/jobs/view/data-analyst-at-super-money-4391816210?position=21&pageNum=0&refId=wWgVXFQV1c6yOpwVjYB5gg%3D%3D&trackingId=bbIeZRyOVbgi6jke7b%2B9Dw%3D%3D
Data Analyst,Fusemachines,"Pune Division, Maharashtra, India",https://in.linkedin.com/jobs/view/data-analyst-at-fusemachines-4335416842?position=22&pageNum=0&refId=wWgVXFQV1c6yOpwVjYB5gg%3D%3D&trackingId=RhUusVrccWkeiK8gOEwDhg%3D%3D
Data Analyst,FedEx,Mumbai Metropolitan Region,https://in.linkedin.com/jobs/view/data-analyst-at-fedex-4371029910?position=23&pageNum=0&refId=wWgVXFQV1c6yOpwVjYB5gg%3D%3D&trackingId=3WopSIZi9gGLh6K5CfT%2FQw%3D%3D
Data Analyst,SourceFuse,"Noida, Uttar Pradesh, India",https://in.linkedin.com/jobs/view/data-analyst-at-sourcefuse-4404272130?position=24&pageNum=0&refId=wWgVXFQV1c6yOpwVjYB5gg%3D%3D&trackingId=BQE0lKlh99wJBhQQLvIJuA%3D%3D
Operations Data Analyst,Thiess,"Gurugram, Haryana, India",https://in.linkedin.com/jobs/view/operations-data-analyst-at-thiess-4402937793?position=25&pageNum=0&refId=wWgVXFQV1c6yOpwVjYB5gg%3D%3D&trackingId=SfwNBYF6%2FfWWkGO6wUDfVg%3D%3D
Data Analyst,PINKVILLA,"Mumbai, Maharashtra, India",https://in.linkedin.com/jobs/view/data-analyst-at-pinkvilla-4403933570?position=26&pageNum=0&refId=wWgVXFQV1c6yOpwVjYB5gg%3D%3D&trackingId=bNU8RHiLSllk%2FA81337QKQ%3D%3D
Data Analyst,Wiley,Pune/Pimpri-Chinchwad Area,https://in.linkedin.com/jobs/view/data-analyst-at-wiley-4381748256?position=27&pageNum=0&refId=wWgVXFQV1c6yOpwVjYB5gg%3D%3D&trackingId=XERHQnMmxe69midxdLXAyA%3D%3D
Data Analyst,Midtown Software,"Chandigarh, India",https://in.linkedin.com/jobs/view/data-analyst-at-midtown-software-4372509916?position=28&pageNum=0&refId=wWgVXFQV1c6yOpwVjYB5gg%3D%3D&trackingId=jpzJyUyb6gHFHj2yvH2eiA%3D%3D
Data Analyst,Infosys,"Hyderabad, Telangana, India",https://in.linkedin.com/jobs/view/data-analyst-at-infosys-4405077501?position=29&pageNum=0&refId=wWgVXFQV1c6yOpwVjYB5gg%3D%3D&trackingId=jfA%2BtAO%2F06onGxmfFKq%2FpQ%3D%3D
Data Logger,SLB,"Navi Mumbai, Maharashtra, India",https://in.linkedin.com/jobs/view/data-logger-at-slb-4401622282?position=30&pageNum=0&refId=wWgVXFQV1c6yOpwVjYB5gg%3D%3D&trackingId=XxQwiVmVVRy8e2WoIUzb2A%3D%3D
Data Analyst,Citi,"Haryana, India",https://in.linkedin.com/jobs/view/data-analyst-at-citi-4398192348?position=31&pageNum=0&refId=wWgVXFQV1c6yOpwVjYB5gg%3D%3D&trackingId=7fvXpX%2BSXMIM3OTiVIvh%2FA%3D%3D
Data Analyst,Virtusa,"Bangalore Urban, Karnataka, India",https://in.linkedin.com/jobs/view/data-analyst-at-virtusa-4399532783?position=32&pageNum=0&refId=wWgVXFQV1c6yOpwVjYB5gg%3D%3D&trackingId=vU%2Bd3hGLpPXv%2BLi7H44ssQ%3D%3D
Consultant,Infosys,"Bangalore Urban, Karnataka, India",https://in.linkedin.com/jobs/view/consultant-at-infosys-4392197582?position=33&pageNum=0&refId=wWgVXFQV1c6yOpwVjYB5gg%3D%3D&trackingId=EzFpGbcuzh74P6M7ipD01w%3D%3D
DGM Data Analyst,airtel,"Gurugram, Haryana, India",https://in.linkedin.com/jobs/view/dgm-data-analyst-at-airtel-4402438355?position=34&pageNum=0&refId=wWgVXFQV1c6yOpwVjYB5gg%3D%3D&trackingId=bA%2B2vSAxbZCjKCsCjxGIRg%3D%3D
"Data Analysts, ETL, SQL, Informatica",Infosys,"Hyderabad, Telangana, India",https://in.linkedin.com/jobs/view/data-analysts-etl-sql-informatica-at-infosys-4397274564?position=35&pageNum=0&refId=wWgVXFQV1c6yOpwVjYB5gg%3D%3D&trackingId=RTdUn74gdjdVDuQvmOrdEA%3D%3D
"Data Analysts, ETL, SQL, Informatica",Infosys,"Hyderabad, Telangana, India",https://in.linkedin.com/jobs/view/data-analysts-etl-sql-informatica-at-infosys-4397228196?position=36&pageNum=0&refId=wWgVXFQV1c6yOpwVjYB5gg%3D%3D&trackingId=Z318Qw14pGLfQOp7IW%2BvuA%3D%3D
Associate Data Insight Analyst [T500-24881],Albertsons Companies India,"Bengaluru, Karnataka, India",https://in.linkedin.com/jobs/view/associate-data-insight-analyst-t500-24881-at-albertsons-companies-india-4394649006?position=37&pageNum=0&refId=wWgVXFQV1c6yOpwVjYB5gg%3D%3D&trackingId=w66X5ZVRlAwOxWhg0eHyBQ%3D%3D
Data Analyst,Randstad Enterprise,India,https://in.linkedin.com/jobs/view/data-analyst-at-randstad-enterprise-4380251175?position=38&pageNum=0&refId=wWgVXFQV1c6yOpwVjYB5gg%3D%3D&trackingId=2qwScaeKDI%2F24b7pQ7TLow%3D%3D
Data Analyst,UST,"Pune City, Maharashtra, India",https://in.linkedin.com/jobs/view/data-analyst-at-ust-4397671776?position=39&pageNum=0&refId=wWgVXFQV1c6yOpwVjYB5gg%3D%3D&trackingId=bWjtEd2mdNpXtYDZS%2F1KvA%3D%3D
"Data Analyst (SQL,HDFS, Hive)",RiskInsight Consulting Pvt Ltd.,"Bengaluru, Karnataka, India",https://in.linkedin.com/jobs/view/data-analyst-sql-hdfs-hive-at-riskinsight-consulting-pvt-ltd-4370337080?position=40&pageNum=0&refId=wWgVXFQV1c6yOpwVjYB5gg%3D%3D&trackingId=28lVjWh1c3rG6yOgK0vVDw%3D%3D
Associate Data Analyst - Enterprise & Reporting,Circle K,"Gurugram, Haryana, India",https://in.linkedin.com/jobs/view/associate-data-analyst-enterprise-reporting-at-circle-k-4395998183?position=41&pageNum=0&refId=wWgVXFQV1c6yOpwVjYB5gg%3D%3D&trackingId=CCgHnDKWA8fw4UffjHoHcA%3D%3D
Data Analyst,LTM,Greater Bengaluru Area,https://in.linkedin.com/jobs/view/data-analyst-at-ltm-4394899531?position=42&pageNum=0&refId=wWgVXFQV1c6yOpwVjYB5gg%3D%3D&trackingId=yJTfoU3%2BbnkVFDcpDhVDXA%3D%3D
Data Analyst/Engineer – SCG India,SCG,"New Delhi, Delhi, India",https://in.linkedin.com/jobs/view/data-analyst-engineer-%E2%80%93-scg-india-at-scg-4298398443?position=43&pageNum=0&refId=wWgVXFQV1c6yOpwVjYB5gg%3D%3D&trackingId=QKG09edUYkUCiRZV4HGWUw%3D%3D
Data Analyst,Fluid Touch Pte Ltd,"Hyderabad, Telangana, India",https://in.linkedin.com/jobs/view/data-analyst-at-fluid-touch-pte-ltd-4397762539?position=44&pageNum=0&refId=wWgVXFQV1c6yOpwVjYB5gg%3D%3D&trackingId=y9%2FQ6YFxLANrl5%2Feqt88Fg%3D%3D
Data Analyst,Insight Global,"Bengaluru, Karnataka, India",https://in.linkedin.com/jobs/view/data-analyst-at-insight-global-4401460038?position=45&pageNum=0&refId=wWgVXFQV1c6yOpwVjYB5gg%3D%3D&trackingId=jVnZ2j9zzvnMFFAV%2FHoGHQ%3D%3D
Data & Records Governance Analyst,hackajob,"Pune Division, Maharashtra, India",https://in.linkedin.com/jobs/view/data-records-governance-analyst-at-hackajob-4394459329?position=46&pageNum=0&refId=wWgVXFQV1c6yOpwVjYB5gg%3D%3D&trackingId=zxkAmxzioS4o0dn3eMSunw%3D%3D
Data Analyst,"Enterprise Minds, Inc","Bengaluru, Karnataka, India",https://in.linkedin.com/jobs/view/data-analyst-at-enterprise-minds-inc-4393034116?position=47&pageNum=0&refId=wWgVXFQV1c6yOpwVjYB5gg%3D%3D&trackingId=DmRfkPVjkGVujwZm0HNHRg%3D%3D
BI & Data Analyst,Ajmera Realty & Infra India Ltd.,"Mumbai, Maharashtra, India",https://in.linkedin.com/jobs/view/bi-data-analyst-at-ajmera-realty-infra-india-ltd-4396962511?position=48&pageNum=0&refId=wWgVXFQV1c6yOpwVjYB5gg%3D%3D&trackingId=ep%2BrqifvsWMwpdDlXvVkjw%3D%3D
"Data Analyst (Remote, India)",Peakflo (YC W22),India,https://in.linkedin.com/jobs/view/data-analyst-remote-india-at-peakflo-yc-w22-4326039582?position=49&pageNum=0&refId=wWgVXFQV1c6yOpwVjYB5gg%3D%3D&trackingId=WKfWaeii5owxzn63rHIvYA%3D%3D
Associate,PwC India,"New Delhi, Delhi, India",https://in.linkedin.com/jobs/view/associate-at-pwc-india-4291067264?position=50&pageNum=0&refId=wWgVXFQV1c6yOpwVjYB5gg%3D%3D&trackingId=JmUe2cfjuw1yZHrD4R1%2BpA%3D%3D
Data Analyst (Freelancer),Deccan AI Experts,"Gurugram, Haryana, India",https://in.linkedin.com/jobs/view/data-analyst-freelancer-at-deccan-ai-experts-4398356824?position=51&pageNum=0&refId=wWgVXFQV1c6yOpwVjYB5gg%3D%3D&trackingId=X6KKH43GA9KTK7z3GJhkbQ%3D%3D
Data Analyst (Freelancer),Deccan AI Experts,"Mumbai, Maharashtra, India",https://in.linkedin.com/jobs/view/data-analyst-freelancer-at-deccan-ai-experts-4398372086?position=52&pageNum=0&refId=wWgVXFQV1c6yOpwVjYB5gg%3D%3D&trackingId=ISOUkSmtWMF1jNea9grV9g%3D%3D
Data Analyst,Tata Consultancy Services,"Chennai, Tamil Nadu, India",https://in.linkedin.com/jobs/view/data-analyst-at-tata-consultancy-services-4404063757?position=53&pageNum=0&refId=wWgVXFQV1c6yOpwVjYB5gg%3D%3D&trackingId=FQfA5dRmy1nhr3yvcZ%2FtYg%3D%3D
Data Analyst - Python and Spark,Citi,"Haryana, India",https://in.linkedin.com/jobs/view/data-analyst-python-and-spark-at-citi-4402707726?position=54&pageNum=0&refId=wWgVXFQV1c6yOpwVjYB5gg%3D%3D&trackingId=bLPu0en0yzz4xSB0oMEXow%3D%3D
Data Analyst,Aditya Birla Capital,"Maharashtra, India",https://in.linkedin.com/jobs/view/data-analyst-at-aditya-birla-capital-4393216089?position=1&pageNum=0&refId=0yOcoASYbtuxYa29uEDxnQ%3D%3D&trackingId=VSZccBUaZ%2Bfsj4gbAqcusw%3D%3D
Data Analyst (Stata) | Remote,Crossing Hurdles,India,https://in.linkedin.com/jobs/view/data-analyst-stata-remote-at-crossing-hurdles-4403960305?position=2&pageNum=0&refId=0yOcoASYbtuxYa29uEDxnQ%3D%3D&trackingId=jaQ1D%2FScAp3c8rTYD1NyIg%3D%3D
Data Analyst,Larsen & Toubro,"Mumbai, Maharashtra, India",https://in.linkedin.com/jobs/view/data-analyst-at-larsen-toubro-4402228798?position=3&pageNum=0&refId=0yOcoASYbtuxYa29uEDxnQ%3D%3D&trackingId=QmMWIEB6cOLB3gE%2BxInpsA%3D%3D
Data Analyst,PwC India,"Lucknow, Uttar Pradesh, India",https://in.linkedin.com/jobs/view/data-analyst-at-pwc-india-4399154671?position=4&pageNum=0&refId=0yOcoASYbtuxYa29uEDxnQ%3D%3D&trackingId=ayDOp9Ck9hzgcOGHPH8d9A%3D%3D
Data Analyst,Infosys,"Bengaluru East, Karnataka, India",https://in.linkedin.com/jobs/view/data-analyst-at-infosys-4398766299?position=5&pageNum=0&refId=0yOcoASYbtuxYa29uEDxnQ%3D%3D&trackingId=Ux07%2BgOaSYxZkA5ejeuVwA%3D%3D
Data Analyst,Persistent Systems,"Pune City, Maharashtra, India",https://in.linkedin.com/jobs/view/data-analyst-at-persistent-systems-4395024903?position=6&pageNum=0&refId=0yOcoASYbtuxYa29uEDxnQ%3D%3D&trackingId=%2F3BYmv%2FHF0qtf96goBYi%2Fw%3D%3D
Data Analyst,EXL,"Bengaluru, Karnataka, India",https://in.linkedin.com/jobs/view/data-analyst-at-exl-4401605319?position=7&pageNum=0&refId=0yOcoASYbtuxYa29uEDxnQ%3D%3D&trackingId=Kq2cauFLbbrYXXpKFk5bnQ%3D%3D
DATA ANALYST,Wipro,"Bengaluru, Karnataka, India",https://in.linkedin.com/jobs/view/data-analyst-at-wipro-4395286966?position=8&pageNum=0&refId=0yOcoASYbtuxYa29uEDxnQ%3D%3D&trackingId=mk9blNwzIvYwsnWXMA8ajg%3D%3D
Data Analysis,EXL,"Gurugram, Haryana, India",https://in.linkedin.com/jobs/view/data-analysis-at-exl-4342246167?position=9&pageNum=0&refId=0yOcoASYbtuxYa29uEDxnQ%3D%3D&trackingId=JG8NOIWS9aBEvls8qVR%2Bwg%3D%3D
Data Analyst,Deloitte,"Bengaluru, Karnataka, India",https://in.linkedin.com/jobs/view/data-analyst-at-deloitte-4395604678?position=10&pageNum=0&refId=0yOcoASYbtuxYa29uEDxnQ%3D%3D&trackingId=SLergS04OaW0%2BMIVy5nx%2Fw%3D%3D
Analyst - T&S,Swiggy,"Bengaluru, Karnataka, India",https://in.linkedin.com/jobs/view/analyst-t-s-at-swiggy-4404265677?position=11&pageNum=0&refId=0yOcoASYbtuxYa29uEDxnQ%3D%3D&trackingId=V4W4xYYhhMmEgniFQw%2FcnQ%3D%3D
Data Analyst,HCLTech,"Hyderabad, Telangana, India",https://in.linkedin.com/jobs/view/data-analyst-at-hcltech-4398219696?position=12&pageNum=0&refId=0yOcoASYbtuxYa29uEDxnQ%3D%3D&trackingId=BpH4wuetpI6JDDX7pEk0Dg%3D%3D
Senior Data Analyst,Capgemini,Greater Bengaluru Area,https://in.linkedin.com/jobs/view/senior-data-analyst-at-capgemini-4400426797?position=13&pageNum=0&refId=0yOcoASYbtuxYa29uEDxnQ%3D%3D&trackingId=nlx6hht1H7WZbl1DBVFd3g%3D%3D
Data Analyst – SQL/Power BI,Innover Digital,"Bengaluru, Karnataka, India",https://in.linkedin.com/jobs/view/data-analyst-%E2%80%93-sql-power-bi-at-innover-digital-4395942366?position=14&pageNum=0&refId=0yOcoASYbtuxYa29uEDxnQ%3D%3D&trackingId=6xjCNj7tPa%2FyjY65rbA8Ow%3D%3D
Data Analyst - Python & Power BI,BNP Paribas,"Mumbai, Maharashtra, India",https://in.linkedin.com/jobs/view/data-analyst-python-power-bi-at-bnp-paribas-4333323668?position=15&pageNum=0&refId=0yOcoASYbtuxYa29uEDxnQ%3D%3D&trackingId=KVsIBkqiC0OQYxRJuMyBuA%3D%3D
Operations Data Analyst,Thiess,"Gurugram, Haryana, India",https://in.linkedin.com/jobs/view/operations-data-analyst-at-thiess-4402948632?position=16&pageNum=0&refId=0yOcoASYbtuxYa29uEDxnQ%3D%3D&trackingId=SoSem0Go%2BfQiXgI1TRP9LA%3D%3D
Urgent Hiring - Data Analytics & Data Modelling Professional,PwC,"Mumbai, Maharashtra, India",https://in.linkedin.com/jobs/view/urgent-hiring-data-analytics-data-modelling-professional-at-pwc-4395959707?position=17&pageNum=0&refId=0yOcoASYbtuxYa29uEDxnQ%3D%3D&trackingId=YkeUZniarb6TabdvGmPKPQ%3D%3D
Reference Data Analyst,Deutsche Bank,"Bengaluru, Karnataka, India",https://in.linkedin.com/jobs/view/reference-data-analyst-at-deutsche-bank-4401338438?position=18&pageNum=0&refId=0yOcoASYbtuxYa29uEDxnQ%3D%3D&trackingId=sKSDHlkuh8W76ks7ZVHk0g%3D%3D
Data Analyst,FedEx,"Bengaluru East, Karnataka, India",https://in.linkedin.com/jobs/view/data-analyst-at-fedex-4371039081?position=19&pageNum=0&refId=0yOcoASYbtuxYa29uEDxnQ%3D%3D&trackingId=gZVde2zTPm5x%2BKeHbChFNQ%3D%3D
Data Analyst,HexaHealth,"Gurugram, Haryana, India",https://in.linkedin.com/jobs/view/data-analyst-at-hexahealth-4404563387?position=20&pageNum=0&refId=0yOcoASYbtuxYa29uEDxnQ%3D%3D&trackingId=wUTOF19LPPDbg4qz8K75og%3D%3D
Data Analyst,super.money,"Gurugram, Haryana, India",https://in.linkedin.com/jobs/view/data-analyst-at-super-money-4391816210?position=21&pageNum=0&refId=0yOcoASYbtuxYa29uEDxnQ%3D%3D&trackingId=IuTKDHH8Pu45TKfGJhwZlQ%3D%3D
Data Analyst,Fusemachines,"Pune Division, Maharashtra, India",https://in.linkedin.com/jobs/view/data-analyst-at-fusemachines-4335416842?position=22&pageNum=0&refId=0yOcoASYbtuxYa29uEDxnQ%3D%3D&trackingId=Hu6NUpqjwBo98E%2FI48A65A%3D%3D
Data Analyst,FedEx,Mumbai Metropolitan Region,https://in.linkedin.com/jobs/view/data-analyst-at-fedex-4371029910?position=23&pageNum=0&refId=0yOcoASYbtuxYa29uEDxnQ%3D%3D&trackingId=Og4OkSpSte6tkKieJtN3WA%3D%3D
Data Analyst,SourceFuse,"Noida, Uttar Pradesh, India",https://in.linkedin.com/jobs/view/data-analyst-at-sourcefuse-4404272130?position=24&pageNum=0&refId=0yOcoASYbtuxYa29uEDxnQ%3D%3D&trackingId=2mjt8dtuZJycunikwRhLJA%3D%3D
Operations Data Analyst,Thiess,"Gurugram, Haryana, India",https://in.linkedin.com/jobs/view/operations-data-analyst-at-thiess-4402937793?position=25&pageNum=0&refId=0yOcoASYbtuxYa29uEDxnQ%3D%3D&trackingId=anBxDso13wuOXVLQaBGeVg%3D%3D
Data Analyst,PINKVILLA,"Mumbai, Maharashtra, India",https://in.linkedin.com/jobs/view/data-analyst-at-pinkvilla-4403933570?position=26&pageNum=0&refId=0yOcoASYbtuxYa29uEDxnQ%3D%3D&trackingId=dch6dWq1jyPeWnBAWFkR0Q%3D%3D
Data Analyst,Wiley,Pune/Pimpri-Chinchwad Area,https://in.linkedin.com/jobs/view/data-analyst-at-wiley-4381748256?position=27&pageNum=0&refId=0yOcoASYbtuxYa29uEDxnQ%3D%3D&trackingId=SRSxaPFH3%2F3gY7r0JgcZfg%3D%3D
Data Analyst,Midtown Software,"Chandigarh, India",https://in.linkedin.com/jobs/view/data-analyst-at-midtown-software-4372509916?position=28&pageNum=0&refId=0yOcoASYbtuxYa29uEDxnQ%3D%3D&trackingId=fSDICYJUqtMP0sp%2BT0N7%2Bw%3D%3D
Data Analyst,Infosys,"Hyderabad, Telangana, India",https://in.linkedin.com/jobs/view/data-analyst-at-infosys-4405077501?position=29&pageNum=0&refId=0yOcoASYbtuxYa29uEDxnQ%3D%3D&trackingId=zu3yenpPwwobqQTauN5zkA%3D%3D
Data Logger,SLB,"Navi Mumbai, Maharashtra, India",https://in.linkedin.com/jobs/view/data-logger-at-slb-4401622282?position=30&pageNum=0&refId=0yOcoASYbtuxYa29uEDxnQ%3D%3D&trackingId=AhTBPh55OifkWlNZfC%2BAlA%3D%3D
Data Analyst,Citi,"Haryana, India",https://in.linkedin.com/jobs/view/data-analyst-at-citi-4398192348?position=31&pageNum=0&refId=0yOcoASYbtuxYa29uEDxnQ%3D%3D&trackingId=Rmo6ybovJb7n0Y1q%2B2Tejg%3D%3D
Data Analyst,Virtusa,"Bangalore Urban, Karnataka, India",https://in.linkedin.com/jobs/view/data-analyst-at-virtusa-4399532783?position=32&pageNum=0&refId=0yOcoASYbtuxYa29uEDxnQ%3D%3D&trackingId=5hGEQ8Bm8tGQiiQTykExRg%3D%3D
Consultant,Infosys,"Bangalore Urban, Karnataka, India",https://in.linkedin.com/jobs/view/consultant-at-infosys-4392197582?position=33&pageNum=0&refId=0yOcoASYbtuxYa29uEDxnQ%3D%3D&trackingId=KZCB%2B6b70ZXyZiYGDAedTw%3D%3D
DGM Data Analyst,airtel,"Gurugram, Haryana, India",https://in.linkedin.com/jobs/view/dgm-data-analyst-at-airtel-4402438355?position=34&pageNum=0&refId=0yOcoASYbtuxYa29uEDxnQ%3D%3D&trackingId=hnuICVLlU1U4HW8Cz233IQ%3D%3D
"Data Analysts, ETL, SQL, Informatica",Infosys,"Hyderabad, Telangana, India",https://in.linkedin.com/jobs/view/data-analysts-etl-sql-informatica-at-infosys-4397274564?position=35&pageNum=0&refId=0yOcoASYbtuxYa29uEDxnQ%3D%3D&trackingId=SmRL7AxhCdFLzGh27Qs7Og%3D%3D
"Data Analysts, ETL, SQL, Informatica",Infosys,"Hyderabad, Telangana, India",https://in.linkedin.com/jobs/view/data-analysts-etl-sql-informatica-at-infosys-4397228196?position=36&pageNum=0&refId=0yOcoASYbtuxYa29uEDxnQ%3D%3D&trackingId=9nAJp9dEtyg%2FBnXY7Z099g%3D%3D
Associate Data Insight Analyst [T500-24881],Albertsons Companies India,"Bengaluru, Karnataka, India",https://in.linkedin.com/jobs/view/associate-data-insight-analyst-t500-24881-at-albertsons-companies-india-4394649006?position=37&pageNum=0&refId=0yOcoASYbtuxYa29uEDxnQ%3D%3D&trackingId=9rxscn5log63zO3ROKiaZg%3D%3D
Data Analyst,Randstad Enterprise,India,https://in.linkedin.com/jobs/view/data-analyst-at-randstad-enterprise-4380251175?position=38&pageNum=0&refId=0yOcoASYbtuxYa29uEDxnQ%3D%3D&trackingId=ApuTJyE2K8jflFc03kBzyw%3D%3D
Data Analyst,Worldpay,"Cincinnati, OH",https://www.linkedin.com/jobs/view/data-analyst-at-worldpay-4395396958?position=1&pageNum=0&refId=uMxx0125UAWqJ4GyQtkb9g%3D%3D&trackingId=uMKyJmNLntyXMBHzNsPbyQ%3D%3D
Business Data Analyst,Genpact,"Cincinnati, OH",https://www.linkedin.com/jobs/view/business-data-analyst-at-genpact-4399632351?position=2&pageNum=0&refId=uMxx0125UAWqJ4GyQtkb9g%3D%3D&trackingId=sf5HKoWpQ0F%2FlLJWpRYy2A%3D%3D
Data Analyst 2,Golden Technology,"Blue Ash, OH",https://www.linkedin.com/jobs/view/data-analyst-2-at-golden-technology-4397259995?position=3&pageNum=0&refId=uMxx0125UAWqJ4GyQtkb9g%3D%3D&trackingId=3EytMx94RROUynnb9gNe%2Bg%3D%3D
"Data Analyst (Advance Excel, VBA, Smartsheet)",Genpact,"Cincinnati, OH",https://www.linkedin.com/jobs/view/data-analyst-advance-excel-vba-smartsheet-at-genpact-4390166499?position=4&pageNum=0&refId=uMxx0125UAWqJ4GyQtkb9g%3D%3D&trackingId=Ju2S7a%2FBmxMBdCv32mbMJg%3D%3D
Data Analyst (Power BI/SQL/Python),TEKsystems,"Cincinnati, OH",https://www.linkedin.com/jobs/view/data-analyst-power-bi-sql-python-at-teksystems-4405215659?position=5&pageNum=0&refId=uMxx0125UAWqJ4GyQtkb9g%3D%3D&trackingId=DML92rt%2BvEcHbvBvj95ZxQ%3D%3D
Analyst Level 2,Kforce Inc,"Cincinnati, OH",https://www.linkedin.com/jobs/view/analyst-level-2-at-kforce-inc-4401314897?position=6&pageNum=0&refId=uMxx0125UAWqJ4GyQtkb9g%3D%3D&trackingId=oW4LwvGMG1uhiHN98qVKwQ%3D%3D
Data Analyst,"VEGA Americas, Inc.","Mason, OH",https://www.linkedin.com/jobs/view/data-analyst-at-vega-americas-inc-4404505327?position=7&pageNum=0&refId=uMxx0125UAWqJ4GyQtkb9g%3D%3D&trackingId=D9nIN3usDgy78LTb%2FVv%2BTg%3D%3D
Analyst- AI Enabled Shopping,Golden Technology,"Blue Ash, OH",https://www.linkedin.com/jobs/view/analyst-ai-enabled-shopping-at-golden-technology-4404436459?position=8&pageNum=0&refId=uMxx0125UAWqJ4GyQtkb9g%3D%3D&trackingId=xruZMadZ7kD9x41tYN6Iog%3D%3D
Junior Business Intelligence Analyst,Medpace,"Cincinnati, OH",https://www.linkedin.com/jobs/view/junior-business-intelligence-analyst-at-medpace-4331596958?position=9&pageNum=0&refId=uMxx0125UAWqJ4GyQtkb9g%3D%3D&trackingId=QDApYfZsRI1cmo27zaCafA%3D%3D
Data Standard Analyst - Biostatistics Team,Medpace,"Cincinnati, OH",https://www.linkedin.com/jobs/view/data-standard-analyst-biostatistics-team-at-medpace-4330528436?position=10&pageNum=0&refId=uMxx0125UAWqJ4GyQtkb9g%3D%3D&trackingId=PkWoBQgikef9ePl1hQPZUQ%3D%3D
Data Analyst II,Total Quality Logistics,"Cincinnati, OH",https://www.linkedin.com/jobs/view/data-analyst-ii-at-total-quality-logistics-4393871320?position=11&pageNum=0&refId=uMxx0125UAWqJ4GyQtkb9g%3D%3D&trackingId=REqzcCQT9CPSEascDTJxpw%3D%3D
Data Analyst (Power BI/SQL/Python),Jobs via Dice,"Cincinnati, OH",https://www.linkedin.com/jobs/view/data-analyst-power-bi-sql-python-at-jobs-via-dice-4404297493?position=12&pageNum=0&refId=uMxx0125UAWqJ4GyQtkb9g%3D%3D&trackingId=CwLsd88iIOQYz9nGAdQ87g%3D%3D
Product Analyst,Agility Partners,Cincinnati Metropolitan Area,https://www.linkedin.com/jobs/view/product-analyst-at-agility-partners-4400539341?position=13&pageNum=0&refId=uMxx0125UAWqJ4GyQtkb9g%3D%3D&trackingId=NUZNG2so7JfFvk9nP6IZOQ%3D%3D
Product Analyst,Agility Partners,Cincinnati Metropolitan Area,https://www.linkedin.com/jobs/view/product-analyst-at-agility-partners-4397370077?position=14&pageNum=0&refId=uMxx0125UAWqJ4GyQtkb9g%3D%3D&trackingId=ehwFbNgkA%2FvnCbJxcW58VA%3D%3D
Bioinformatics Analyst,Cincinnati Children's,"Cincinnati, OH",https://www.linkedin.com/jobs/view/bioinformatics-analyst-at-cincinnati-children-s-4365380119?position=15&pageNum=0&refId=uMxx0125UAWqJ4GyQtkb9g%3D%3D&trackingId=0Skie19Hk9Z4wqsff4RuNg%3D%3D
Clinical Data Intern - Fall 2026,Medpace,"Cincinnati, OH",https://www.linkedin.com/jobs/view/clinical-data-intern-fall-2026-at-medpace-4396316860?position=16&pageNum=0&refId=uMxx0125UAWqJ4GyQtkb9g%3D%3D&trackingId=FnveSxr7W8t4IfFN4i2hEQ%3D%3D
Data Analyst,Kanz,"Cincinnati, OH",https://www.linkedin.com/jobs/view/data-analyst-at-kanz-4403852872?position=17&pageNum=0&refId=uMxx0125UAWqJ4GyQtkb9g%3D%3D&trackingId=qPXB65OELIeWFLGaB08%2BiA%3D%3D
Business Intelligence Analyst,Pivotal Housing Partners,"Hamilton, OH",https://www.linkedin.com/jobs/view/business-intelligence-analyst-at-pivotal-housing-partners-4406809372?position=18&pageNum=0&refId=uMxx0125UAWqJ4GyQtkb9g%3D%3D&trackingId=TOYXCtFVU4a6Ty2uD%2B76Zw%3D%3D
Junior Data Engineer,Medpace,"Cincinnati, OH",https://www.linkedin.com/jobs/view/junior-data-engineer-at-medpace-4354971289?position=19&pageNum=0&refId=uMxx0125UAWqJ4GyQtkb9g%3D%3D&trackingId=YZkIPOOI%2FRI%2BKj%2FS0Ql5kw%3D%3D
Clinical Data Intern - Spring 2026,Medpace,"Cincinnati, OH",https://www.linkedin.com/jobs/view/clinical-data-intern-spring-2026-at-medpace-4304570998?position=20&pageNum=0&refId=uMxx0125UAWqJ4GyQtkb9g%3D%3D&trackingId=nNyjd4O6weM1A27BTKrPIg%3D%3D
Business Intelligence Analyst,Formica Group North America,"Cincinnati, OH",https://www.linkedin.com/jobs/view/business-intelligence-analyst-at-formica-group-north-america-4379458159?position=21&pageNum=0&refId=uMxx0125UAWqJ4GyQtkb9g%3D%3D&trackingId=U7aOJ%2B4BwfxXveRbAWoH%2Fw%3D%3D
Business Intelligence Analyst,American Modern Insurance Group,Cincinnati Metropolitan Area,https://www.linkedin.com/jobs/view/business-intelligence-analyst-at-american-modern-insurance-group-4387864188?position=22&pageNum=0&refId=uMxx0125UAWqJ4GyQtkb9g%3D%3D&trackingId=C0HAL%2Bmp82OLzHaqxK1PlQ%3D%3D
Business Controls Data Associate,Fifth Third Bank,"Cincinnati, OH",https://www.linkedin.com/jobs/view/business-controls-data-associate-at-fifth-third-bank-4405364709?position=23&pageNum=0&refId=uMxx0125UAWqJ4GyQtkb9g%3D%3D&trackingId=ewvF88lUvSICgEbzKViL4g%3D%3D
"Analyst, Business Intelligence",Acosta,"Cincinnati, OH",https://www.linkedin.com/jobs/view/analyst-business-intelligence-at-acosta-4399916480?position=24&pageNum=0&refId=uMxx0125UAWqJ4GyQtkb9g%3D%3D&trackingId=XC%2Fqd%2BO3r9f974T3TbI87g%3D%3D
Safety Data Analyst,Rumpke Waste & Recycling,"Cincinnati, OH",https://www.linkedin.com/jobs/view/safety-data-analyst-at-rumpke-waste-recycling-4402275777?position=25&pageNum=0&refId=uMxx0125UAWqJ4GyQtkb9g%3D%3D&trackingId=yQxe%2B5dta%2Bc%2F3MdJJ7Fwrg%3D%3D
Junior Data Engineer with python,The Value Maximizer,"Ohio, OH",https://www.linkedin.com/jobs/view/junior-data-engineer-with-python-at-the-value-maximizer-4398085939?position=26&pageNum=0&refId=uMxx0125UAWqJ4GyQtkb9g%3D%3D&trackingId=IWGbaj4qTUuqlRAbZg8RMw%3D%3D
Investment Data & Operations Analyst,"Constellation Insurance, Inc.","Cincinnati, OH",https://www.linkedin.com/jobs/view/investment-data-operations-analyst-at-constellation-insurance-inc-4403125641?position=27&pageNum=0&refId=uMxx0125UAWqJ4GyQtkb9g%3D%3D&trackingId=wK13FshJmiyOvW8ZwMlMIw%3D%3D
Business Intelligence and Visualization Specialist,FBT Gibbons,"Cincinnati, OH",https://www.linkedin.com/jobs/view/business-intelligence-and-visualization-specialist-at-fbt-gibbons-4376827762?position=28&pageNum=0&refId=uMxx0125UAWqJ4GyQtkb9g%3D%3D&trackingId=wNr1AgaezfT1Gxgt9CPwYg%3D%3D
Data Analyst - Specialty Equipment Services,Great American Insurance Group,"Cincinnati, OH",https://www.linkedin.com/jobs/view/data-analyst-specialty-equipment-services-at-great-american-insurance-group-4384879937?position=29&pageNum=0&refId=uMxx0125UAWqJ4GyQtkb9g%3D%3D&trackingId=t24QmV9Ns0MvhVJf%2Bs0uTA%3D%3D
Business Intelligence Analyst - Data Engineering,Medpace,"Cincinnati, OH",https://www.linkedin.com/jobs/view/business-intelligence-analyst-data-engineering-at-medpace-4368261634?position=30&pageNum=0&refId=uMxx0125UAWqJ4GyQtkb9g%3D%3D&trackingId=%2BYnwDVVpp1tcmpjwQPS5jA%3D%3D
Junior Data Engineer,Western & Southern Financial Group,"Cincinnati, OH",https://www.linkedin.com/jobs/view/junior-data-engineer-at-western-southern-financial-group-4398170878?position=31&pageNum=0&refId=uMxx0125UAWqJ4GyQtkb9g%3D%3D&trackingId=0sj%2B6odKJeus2Iqhzcrf6g%3D%3D
Sr. Healthcare Compliance Analyst,Kroger,"Cincinnati, OH",https://www.linkedin.com/jobs/view/sr-healthcare-compliance-analyst-at-kroger-4398533586?position=32&pageNum=0&refId=uMxx0125UAWqJ4GyQtkb9g%3D%3D&trackingId=PLC9Q0ZKycCxYr8JCJR1YQ%3D%3D
Manufacturing Inventory & Data Analyst,United Dairy Farmers,"Cincinnati, OH",https://www.linkedin.com/jobs/view/manufacturing-inventory-data-analyst-at-united-dairy-farmers-4396892535?position=33&pageNum=0&refId=uMxx0125UAWqJ4GyQtkb9g%3D%3D&trackingId=8z0SdJk%2Br4HUqEJFyoNI5Q%3D%3D
Senior Analyst – AI Enabled Shopping (Agentic AI),Golden Technology,"Cincinnati, OH",https://www.linkedin.com/jobs/view/senior-analyst-%E2%80%93-ai-enabled-shopping-agentic-ai-at-golden-technology-4404289977?position=34&pageNum=0&refId=uMxx0125UAWqJ4GyQtkb9g%3D%3D&trackingId=e2N3Qe5aY1UfIcLY%2BRjh6g%3D%3D
Data Developer / BI Analyst - Onsite,Mammotome,"Cincinnati, OH",https://www.linkedin.com/jobs/view/data-developer-bi-analyst-onsite-at-mammotome-4400454131?position=35&pageNum=0&refId=uMxx0125UAWqJ4GyQtkb9g%3D%3D&trackingId=QaF3s4T44eVLsXNOh1EW%2Bw%3D%3D
Business Intelligence Analyst,Total Quality Logistics,"Cincinnati, OH",https://www.linkedin.com/jobs/view/business-intelligence-analyst-at-total-quality-logistics-4401119573?position=36&pageNum=0&refId=uMxx0125UAWqJ4GyQtkb9g%3D%3D&trackingId=qbuBfZFz0xYfrpC7nczuPg%3D%3D
Data Engineer-DataStage,Encore Talent Solutions,"Cincinnati, OH",https://www.linkedin.com/jobs/view/data-engineer-datastage-at-encore-talent-solutions-4398046269?position=37&pageNum=0&refId=uMxx0125UAWqJ4GyQtkb9g%3D%3D&trackingId=N1X5Ibr3bCQ%2BKTLRh%2BRc2A%3D%3D
Data Engineer,Medpace,"Cincinnati, OH",https://www.linkedin.com/jobs/view/data-engineer-at-medpace-4357652053?position=38&pageNum=0&refId=uMxx0125UAWqJ4GyQtkb9g%3D%3D&trackingId=8LWFJPM9Wp3FZlGezNOGsA%3D%3D
Data Engineer,Encore Talent Solutions,"Cincinnati, OH",https://www.linkedin.com/jobs/view/data-engineer-at-encore-talent-solutions-4393566366?position=39&pageNum=0&refId=uMxx0125UAWqJ4GyQtkb9g%3D%3D&trackingId=sn5Inm60onG1ddzYstD%2F%2BQ%3D%3D
Associate Data Scientist,Fifth Third Bank,"Cincinnati, OH",https://www.linkedin.com/jobs/view/associate-data-scientist-at-fifth-third-bank-4385677316?position=40&pageNum=0&refId=uMxx0125UAWqJ4GyQtkb9g%3D%3D&trackingId=gH6hHsn5GdD1WWT4m3cZqg%3D%3D
"Lead Analyst, Insights & Analytics",Fifth Third Bank,"Cincinnati, OH",https://www.linkedin.com/jobs/view/lead-analyst-insights-analytics-at-fifth-third-bank-4399690373?position=41&pageNum=0&refId=uMxx0125UAWqJ4GyQtkb9g%3D%3D&trackingId=ScWIIbpHXP1rMMQbokeGow%3D%3D
Category Insights Analyst,Perfetti Van Melle,Cincinnati Metropolitan Area,https://www.linkedin.com/jobs/view/category-insights-analyst-at-perfetti-van-melle-4383899466?position=42&pageNum=0&refId=uMxx0125UAWqJ4GyQtkb9g%3D%3D&trackingId=uKaGCtomB1sxcV6as%2FaW1w%3D%3D
"Data Engineer - DataStage ETL III(no thrird party, only W2)",CBTS,"Cincinnati, OH",https://www.linkedin.com/jobs/view/data-engineer-datastage-etl-iii-no-thrird-party-only-w2-at-cbts-4381852280?position=43&pageNum=0&refId=uMxx0125UAWqJ4GyQtkb9g%3D%3D&trackingId=mZ%2BuINM9TxSModyVIAIm7w%3D%3D
"Data Engineer III(no third party, only W2)",CBTS,"Cincinnati, OH",https://www.linkedin.com/jobs/view/data-engineer-iii-no-third-party-only-w2-at-cbts-4377249576?position=44&pageNum=0&refId=uMxx0125UAWqJ4GyQtkb9g%3D%3D&trackingId=CwrRYQVHXyT1eyl9eQTztQ%3D%3D
Investigative Analyst,Total Quality Logistics,"Cincinnati, OH",https://www.linkedin.com/jobs/view/investigative-analyst-at-total-quality-logistics-4391885617?position=45&pageNum=0&refId=uMxx0125UAWqJ4GyQtkb9g%3D%3D&trackingId=iGlqn8%2FhBSgAeXEKd4Syvg%3D%3D
Business Intelligence Analyst I,Western & Southern Financial Group,"Cincinnati, OH",https://www.linkedin.com/jobs/view/business-intelligence-analyst-i-at-western-southern-financial-group-4394466686?position=46&pageNum=0&refId=uMxx0125UAWqJ4GyQtkb9g%3D%3D&trackingId=nWR%2B2UvLaiiNuSHg7JLYsw%3D%3D
Clinical Data Analyst - MOB Lindner Research Admin - Full Time - Days - Hybrid,The Christ Hospital Health Network,"Cincinnati, OH",https://www.linkedin.com/jobs/view/clinical-data-analyst-mob-lindner-research-admin-full-time-days-hybrid-at-the-christ-hospital-health-network-4404469035?position=47&pageNum=0&refId=uMxx0125UAWqJ4GyQtkb9g%3D%3D&trackingId=jjsT4lCfoZ3PLaE1FeVNsg%3D%3D
Data Engineer Level 2,Ascendum Solutions,"Cincinnati, OH",https://www.linkedin.com/jobs/view/data-engineer-level-2-at-ascendum-solutions-4403784076?position=48&pageNum=0&refId=uMxx0125UAWqJ4GyQtkb9g%3D%3D&trackingId=ScEXbRSG23qRaLKA5R8aZA%3D%3D
Technical Analyst,Ascendum Solutions,"Cincinnati, OH",https://www.linkedin.com/jobs/view/technical-analyst-at-ascendum-solutions-4377274074?position=49&pageNum=0&refId=uMxx0125UAWqJ4GyQtkb9g%3D%3D&trackingId=yg8N%2B41%2B3Qfod0187Cl5zQ%3D%3D
Business Systems Analyst - Imaging,Medpace,"Cincinnati, OH",https://www.linkedin.com/jobs/view/business-systems-analyst-imaging-at-medpace-4330616892?position=50&pageNum=0&refId=uMxx0125UAWqJ4GyQtkb9g%3D%3D&trackingId=Kw%2BkPbeAEePjswt9dekiPQ%3D%3D
IT System Support & Data Analyst,Inhabit®,"Mason, OH",https://www.linkedin.com/jobs/view/it-system-support-data-analyst-at-inhabit%C2%AE-4402805439?position=51&pageNum=0&refId=uMxx0125UAWqJ4GyQtkb9g%3D%3D&trackingId=zGyytYXJ3XoXrUiudjHflg%3D%3D
Data Modeler,Munich Re,Cincinnati Metropolitan Area,https://www.linkedin.com/jobs/view/data-modeler-at-munich-re-4382181324?position=52&pageNum=0&refId=uMxx0125UAWqJ4GyQtkb9g%3D%3D&trackingId=lFjT9DdrIFIg2GViGZfNRA%3D%3D
Graduate Data Platform Engineer,Today Digital,"Manchester, IN",https://www.linkedin.com/jobs/view/graduate-data-platform-engineer-at-today-digital-4378450100?position=53&pageNum=0&refId=uMxx0125UAWqJ4GyQtkb9g%3D%3D&trackingId=%2BxCwbJPycigPiqNouKPDJQ%3D%3D
Business Intelligence Analyst II,Cincinnati Children's Office of Academic Affairs and Career Development,"Cincinnati, OH",https://www.linkedin.com/jobs/view/business-intelligence-analyst-ii-at-cincinnati-children-s-office-of-academic-affairs-and-career-development-4371412029?position=54&pageNum=0&refId=uMxx0125UAWqJ4GyQtkb9g%3D%3D&trackingId=W7IgTpsAj8G%2FN%2FWycukpSQ%3D%3D
Business Intelligence Analyst II - HealthVine,Cincinnati Children's Office of Academic Affairs and Career Development,"Cincinnati, OH",https://www.linkedin.com/jobs/view/business-intelligence-analyst-ii-healthvine-at-cincinnati-children-s-office-of-academic-affairs-and-career-development-4367920433?position=55&pageNum=0&refId=uMxx0125UAWqJ4GyQtkb9g%3D%3D&trackingId=9Q34%2Bly0s7x6zT4KivQjvQ%3D%3D
Data Engineer,Paychex,"Cincinnati, OH",https://www.linkedin.com/jobs/view/data-engineer-at-paychex-4400855876?position=56&pageNum=0&refId=uMxx0125UAWqJ4GyQtkb9g%3D%3D&trackingId=UcVrSRu6ikd%2Fk84t5xZDrg%3D%3D
Data Analyst,Aditya Birla Capital,"Maharashtra, India",https://in.linkedin.com/jobs/view/data-analyst-at-aditya-birla-capital-4393216089?position=1&pageNum=0&refId=ztOzdw38ykoY8VmqBVfdFw%3D%3D&trackingId=qiKGWJqLS11hkPO0FrO%2BpQ%3D%3D
Data Analyst (Stata) | Remote,Crossing Hurdles,India,https://in.linkedin.com/jobs/view/data-analyst-stata-remote-at-crossing-hurdles-4403960305?position=2&pageNum=0&refId=ztOzdw38ykoY8VmqBVfdFw%3D%3D&trackingId=BeIAuzMF2KXZ78WaKJTD6w%3D%3D
Data Analyst,Larsen & Toubro,"Mumbai, Maharashtra, India",https://in.linkedin.com/jobs/view/data-analyst-at-larsen-toubro-4402228798?position=3&pageNum=0&refId=ztOzdw38ykoY8VmqBVfdFw%3D%3D&trackingId=U%2By49gCXhnFzTh%2BAN7insA%3D%3D
Data Analyst,PwC India,"Lucknow, Uttar Pradesh, India",https://in.linkedin.com/jobs/view/data-analyst-at-pwc-india-4399154671?position=4&pageNum=0&refId=ztOzdw38ykoY8VmqBVfdFw%3D%3D&trackingId=5J7vkCJL7RXNTVfb0lkICw%3D%3D
Data Analyst,Infosys,"Bengaluru East, Karnataka, India",https://in.linkedin.com/jobs/view/data-analyst-at-infosys-4398766299?position=5&pageNum=0&refId=ztOzdw38ykoY8VmqBVfdFw%3D%3D&trackingId=6VzSp4KNuFG5suOheNj9hw%3D%3D
Data Analyst,hackajob,"Pune Division, Maharashtra, India",https://in.linkedin.com/jobs/view/data-analyst-at-hackajob-4380603565?position=6&pageNum=0&refId=ztOzdw38ykoY8VmqBVfdFw%3D%3D&trackingId=dlTe16OhP5qPQEfJR%2BGnkw%3D%3D
Data Analyst,Persistent Systems,"Pune City, Maharashtra, India",https://in.linkedin.com/jobs/view/data-analyst-at-persistent-systems-4395024903?position=7&pageNum=0&refId=ztOzdw38ykoY8VmqBVfdFw%3D%3D&trackingId=SnsUbjifLwaMYyU28BSw4A%3D%3D
Data Analyst,EXL,"Bengaluru, Karnataka, India",https://in.linkedin.com/jobs/view/data-analyst-at-exl-4401605319?position=8&pageNum=0&refId=ztOzdw38ykoY8VmqBVfdFw%3D%3D&trackingId=Fwcwos1lNWz9Ox6NFd73QA%3D%3D
DATA ANALYST,Wipro,"Bengaluru, Karnataka, India",https://in.linkedin.com/jobs/view/data-analyst-at-wipro-4395286966?position=9&pageNum=0&refId=ztOzdw38ykoY8VmqBVfdFw%3D%3D&trackingId=%2FnFkwrzlVv14ZokRdHjo4w%3D%3D
Data Analysis,EXL,"Gurugram, Haryana, India",https://in.linkedin.com/jobs/view/data-analysis-at-exl-4342246167?position=10&pageNum=0&refId=ztOzdw38ykoY8VmqBVfdFw%3D%3D&trackingId=DY3gPTPI35jurnrmwRle2g%3D%3D
Data Analyst,Deloitte,"Bengaluru, Karnataka, India",https://in.linkedin.com/jobs/view/data-analyst-at-deloitte-4395604678?position=11&pageNum=0&refId=ztOzdw38ykoY8VmqBVfdFw%3D%3D&trackingId=d2vI8p5VqiQnNB85UawBdg%3D%3D
Data Analyst,Renesas Electronics,"Bengaluru, Karnataka, India",https://in.linkedin.com/jobs/view/data-analyst-at-renesas-electronics-4404699082?position=12&pageNum=0&refId=ztOzdw38ykoY8VmqBVfdFw%3D%3D&trackingId=mcMaYDmBRCTMR5La8jUxpg%3D%3D
Analyst - T&S,Swiggy,"Bengaluru, Karnataka, India",https://in.linkedin.com/jobs/view/analyst-t-s-at-swiggy-4404265677?position=13&pageNum=0&refId=ztOzdw38ykoY8VmqBVfdFw%3D%3D&trackingId=LY62BRiBcoF6HyuieklJJQ%3D%3D
Data Analyst,HCLTech,"Hyderabad, Telangana, India",https://in.linkedin.com/jobs/view/data-analyst-at-hcltech-4398219696?position=14&pageNum=0&refId=ztOzdw38ykoY8VmqBVfdFw%3D%3D&trackingId=Du258Eo8PZ497xky1FZIqQ%3D%3D
Senior Data Analyst,Capgemini,Greater Bengaluru Area,https://in.linkedin.com/jobs/view/senior-data-analyst-at-capgemini-4400426797?position=15&pageNum=0&refId=ztOzdw38ykoY8VmqBVfdFw%3D%3D&trackingId=W11dIya3S69iyY9vt3K1yA%3D%3D
Data Analyst – SQL/Power BI,Innover Digital,"Bengaluru, Karnataka, India",https://in.linkedin.com/jobs/view/data-analyst-%E2%80%93-sql-power-bi-at-innover-digital-4395942366?position=16&pageNum=0&refId=ztOzdw38ykoY8VmqBVfdFw%3D%3D&trackingId=thx7JrzXxOm5jHL4lnQb4g%3D%3D
Data Analyst - Python & Power BI,BNP Paribas,"Mumbai, Maharashtra, India",https://in.linkedin.com/jobs/view/data-analyst-python-power-bi-at-bnp-paribas-4333323668?position=17&pageNum=0&refId=ztOzdw38ykoY8VmqBVfdFw%3D%3D&trackingId=JRc2t14rY55m06m8EGmfvQ%3D%3D
Operations Data Analyst,Thiess,"Gurugram, Haryana, India",https://in.linkedin.com/jobs/view/operations-data-analyst-at-thiess-4402948632?position=18&pageNum=0&refId=ztOzdw38ykoY8VmqBVfdFw%3D%3D&trackingId=A40ib9iXiw0%2BwzoY323CIA%3D%3D
Urgent Hiring - Data Analytics & Data Modelling Professional,PwC,"Mumbai, Maharashtra, India",https://in.linkedin.com/jobs/view/urgent-hiring-data-analytics-data-modelling-professional-at-pwc-4395959707?position=19&pageNum=0&refId=ztOzdw38ykoY8VmqBVfdFw%3D%3D&trackingId=Q4YFWqLpOeCdYdHq%2B81CfA%3D%3D
Reference Data Analyst,Deutsche Bank,"Bengaluru, Karnataka, India",https://in.linkedin.com/jobs/view/reference-data-analyst-at-deutsche-bank-4401338438?position=20&pageNum=0&refId=ztOzdw38ykoY8VmqBVfdFw%3D%3D&trackingId=ZAIJus0D3O76ooitUUwYOQ%3D%3D
Data Analyst,HexaHealth,"Gurugram, Haryana, India",https://in.linkedin.com/jobs/view/data-analyst-at-hexahealth-4404563387?position=21&pageNum=0&refId=ztOzdw38ykoY8VmqBVfdFw%3D%3D&trackingId=qg71MA%2BkehWOIevDB4pLrA%3D%3D
Data Analyst,FedEx,"Bengaluru East, Karnataka, India",https://in.linkedin.com/jobs/view/data-analyst-at-fedex-4371039081?position=22&pageNum=0&refId=ztOzdw38ykoY8VmqBVfdFw%3D%3D&trackingId=Uxm8pANwc%2BK2zoVNYZJ4Fg%3D%3D
Data Analyst,super.money,"Gurugram, Haryana, India",https://in.linkedin.com/jobs/view/data-analyst-at-super-money-4391816210?position=23&pageNum=0&refId=ztOzdw38ykoY8VmqBVfdFw%3D%3D&trackingId=6rEszhwLS301SoKBJWVD9w%3D%3D
Data Analyst,Fusemachines,"Pune Division, Maharashtra, India",https://in.linkedin.com/jobs/view/data-analyst-at-fusemachines-4335416842?position=24&pageNum=0&refId=ztOzdw38ykoY8VmqBVfdFw%3D%3D&trackingId=bn8%2Ba4zvv1UbbipceJc3Kg%3D%3D
Data Analyst,FedEx,Mumbai Metropolitan Region,https://in.linkedin.com/jobs/view/data-analyst-at-fedex-4371029910?position=25&pageNum=0&refId=ztOzdw38ykoY8VmqBVfdFw%3D%3D&trackingId=UJmjS0JvRgCwve4km7YzyA%3D%3D
Data Analyst,SourceFuse,"Noida, Uttar Pradesh, India",https://in.linkedin.com/jobs/view/data-analyst-at-sourcefuse-4404272130?position=26&pageNum=0&refId=ztOzdw38ykoY8VmqBVfdFw%3D%3D&trackingId=YsjOO3noxeO3vOIYt9eNbg%3D%3D
Data Analyst,PINKVILLA,"Mumbai, Maharashtra, India",https://in.linkedin.com/jobs/view/data-analyst-at-pinkvilla-4403933570?position=27&pageNum=0&refId=ztOzdw38ykoY8VmqBVfdFw%3D%3D&trackingId=yEm1F6%2B58jCHZTNfkVa%2FZw%3D%3D
Operations Data Analyst,Thiess,"Gurugram, Haryana, India",https://in.linkedin.com/jobs/view/operations-data-analyst-at-thiess-4402937793?position=28&pageNum=0&refId=ztOzdw38ykoY8VmqBVfdFw%3D%3D&trackingId=5Id0c3xSKcUFaMoMe%2BK8jg%3D%3D
Data Analyst,Wiley,Pune/Pimpri-Chinchwad Area,https://in.linkedin.com/jobs/view/data-analyst-at-wiley-4381748256?position=29&pageNum=0&refId=ztOzdw38ykoY8VmqBVfdFw%3D%3D&trackingId=2jx2EQc7XFVJwoQiQdrmKA%3D%3D
Data Analyst,Midtown Software,"Chandigarh, India",https://in.linkedin.com/jobs/view/data-analyst-at-midtown-software-4372509916?position=30&pageNum=0&refId=ztOzdw38ykoY8VmqBVfdFw%3D%3D&trackingId=kqRZe4SdbiDV2lV%2Bzjg0yQ%3D%3D
Data Analyst,Infosys,"Hyderabad, Telangana, India",https://in.linkedin.com/jobs/view/data-analyst-at-infosys-4405077501?position=31&pageNum=0&refId=ztOzdw38ykoY8VmqBVfdFw%3D%3D&trackingId=tGhxRXNf34zp9URdLPCQQQ%3D%3D
Data Logger,SLB,"Navi Mumbai, Maharashtra, India",https://in.linkedin.com/jobs/view/data-logger-at-slb-4401622282?position=32&pageNum=0&refId=ztOzdw38ykoY8VmqBVfdFw%3D%3D&trackingId=ow%2FHuYGAk4jqYc0dfEIM0g%3D%3D
Data Analyst,Citi,"Haryana, India",https://in.linkedin.com/jobs/view/data-analyst-at-citi-4398192348?position=33&pageNum=0&refId=ztOzdw38ykoY8VmqBVfdFw%3D%3D&trackingId=xhqf1ie3XNL0svQzoZnBWg%3D%3D
Data Analyst,Virtusa,"Bangalore Urban, Karnataka, India",https://in.linkedin.com/jobs/view/data-analyst-at-virtusa-4399532783?position=34&pageNum=0&refId=ztOzdw38ykoY8VmqBVfdFw%3D%3D&trackingId=V6rU%2Bg0TuAaN9YqIOVZ4Sg%3D%3D
Consultant,Infosys,"Bangalore Urban, Karnataka, India",https://in.linkedin.com/jobs/view/consultant-at-infosys-4392197582?position=35&pageNum=0&refId=ztOzdw38ykoY8VmqBVfdFw%3D%3D&trackingId=4XOKh2Yx212VpKXc3lXrkg%3D%3D
DGM Data Analyst,airtel,"Gurugram, Haryana, India",https://in.linkedin.com/jobs/view/dgm-data-analyst-at-airtel-4402438355?position=36&pageNum=0&refId=ztOzdw38ykoY8VmqBVfdFw%3D%3D&trackingId=Rwvwrz9TvSw5hmrqLogzog%3D%3D
"Data Analysts, ETL, SQL, Informatica",Infosys,"Hyderabad, Telangana, India",https://in.linkedin.com/jobs/view/data-analysts-etl-sql-informatica-at-infosys-4397274564?position=37&pageNum=0&refId=ztOzdw38ykoY8VmqBVfdFw%3D%3D&trackingId=%2Fdryx108JvI9KQXCNL6ADg%3D%3D
"Data Analysts, ETL, SQL, Informatica",Infosys,"Hyderabad, Telangana, India",https://in.linkedin.com/jobs/view/data-analysts-etl-sql-informatica-at-infosys-4397228196?position=38&pageNum=0&refId=ztOzdw38ykoY8VmqBVfdFw%3D%3D&trackingId=TLApMTaVzQGHdX4MWXQPsw%3D%3D
Associate Data Insight Analyst [T500-24881],Albertsons Companies India,"Bengaluru, Karnataka, India",https://in.linkedin.com/jobs/view/associate-data-insight-analyst-t500-24881-at-albertsons-companies-india-4394649006?position=39&pageNum=0&refId=ztOzdw38ykoY8VmqBVfdFw%3D%3D&trackingId=qqtU8sNP%2BxKSkQcG1gh%2FxA%3D%3D
Data Analyst,Randstad Enterprise,India,https://in.linkedin.com/jobs/view/data-analyst-at-randstad-enterprise-4380251175?position=40&pageNum=0&refId=ztOzdw38ykoY8VmqBVfdFw%3D%3D&trackingId=OrBz3tfcQTebsqikC%2F7kGg%3D%3D
Data Analyst,UST,"Pune City, Maharashtra, India",https://in.linkedin.com/jobs/view/data-analyst-at-ust-4397671776?position=41&pageNum=0&refId=ztOzdw38ykoY8VmqBVfdFw%3D%3D&trackingId=Oo2G2KCcIV8JiO3iqW8Cjg%3D%3D
"Data Analyst (SQL,HDFS, Hive)",RiskInsight Consulting Pvt Ltd.,"Bengaluru, Karnataka, India",https://in.linkedin.com/jobs/view/data-analyst-sql-hdfs-hive-at-riskinsight-consulting-pvt-ltd-4370337080?position=42&pageNum=0&refId=ztOzdw38ykoY8VmqBVfdFw%3D%3D&trackingId=vKMoYPmnf3wSX1VK%2BdSroQ%3D%3D
Associate Data Analyst - Enterprise & Reporting,Circle K,"Gurugram, Haryana, India",https://in.linkedin.com/jobs/view/associate-data-analyst-enterprise-reporting-at-circle-k-4395998183?position=43&pageNum=0&refId=ztOzdw38ykoY8VmqBVfdFw%3D%3D&trackingId=UdoCxjDtQ%2FL4ViJM%2BCUpvg%3D%3D
Data Analyst,LTM,Greater Bengaluru Area,https://in.linkedin.com/jobs/view/data-analyst-at-ltm-4394899531?position=44&pageNum=0&refId=ztOzdw38ykoY8VmqBVfdFw%3D%3D&trackingId=Kei2n3a0AUPWcTq0S5nk9g%3D%3D
Data Analyst/Engineer – SCG India,SCG,"New Delhi, Delhi, India",https://in.linkedin.com/jobs/view/data-analyst-engineer-%E2%80%93-scg-india-at-scg-4298398443?position=45&pageNum=0&refId=ztOzdw38ykoY8VmqBVfdFw%3D%3D&trackingId=eEpdJO2fgxEiaB9I%2BC%2BxkQ%3D%3D
Data Analyst,Fluid Touch Pte Ltd,"Hyderabad, Telangana, India",https://in.linkedin.com/jobs/view/data-analyst-at-fluid-touch-pte-ltd-4397762539?position=46&pageNum=0&refId=ztOzdw38ykoY8VmqBVfdFw%3D%3D&trackingId=M%2BSKBqm6m5XQHBMsUvqoeg%3D%3D
Data Analyst,Insight Global,"Bengaluru, Karnataka, India",https://in.linkedin.com/jobs/view/data-analyst-at-insight-global-4401460038?position=47&pageNum=0&refId=ztOzdw38ykoY8VmqBVfdFw%3D%3D&trackingId=aHrIdqmQaKDc%2F%2Ff8T5wGQA%3D%3D
Data Analyst,"Enterprise Minds, Inc","Bengaluru, Karnataka, India",https://in.linkedin.com/jobs/view/data-analyst-at-enterprise-minds-inc-4393034116?position=48&pageNum=0&refId=ztOzdw38ykoY8VmqBVfdFw%3D%3D&trackingId=wu5myaBk8CIo5LO%2BKObaSw%3D%3D
BI & Data Analyst,Ajmera Realty & Infra India Ltd.,"Mumbai, Maharashtra, India",https://in.linkedin.com/jobs/view/bi-data-analyst-at-ajmera-realty-infra-india-ltd-4396962511?position=49&pageNum=0&refId=ztOzdw38ykoY8VmqBVfdFw%3D%3D&trackingId=NWIGj9bdMvsCvZCIwSwTmQ%3D%3D
title,company,location,apply_link
Cabin Crew Opportunities,Emirates,"Dubai, United Arab Emirates",https://ae.linkedin.com/jobs/view/cabin-crew-opportunities-at-emirates-4401287989?position=1&pageNum=0&refId=LgyVg1X56lx4V6wnprBd1g%3D%3D&trackingId=mWvgy5JVvaqufQ9OE9OApA%3D%3D
Cabin Crew Opportunities,Emirates,"Dubai, United Arab Emirates",https://ae.linkedin.com/jobs/view/cabin-crew-opportunities-at-emirates-4404663862?position=2&pageNum=0&refId=LgyVg1X56lx4V6wnprBd1g%3D%3D&trackingId=Z3vGWRiUZogsop2H0iI%2FuQ%3D%3D
UAE-Genius,Apple,United Arab Emirates,https://ae.linkedin.com/jobs/view/uae-genius-at-apple-4388957519?position=3&pageNum=0&refId=LgyVg1X56lx4V6wnprBd1g%3D%3D&trackingId=rnDW0yKky5gjQEE9kMdtQQ%3D%3D
Assistant Store Supervisor,talabat,"Dubai, Dubai, United Arab Emirates",https://ae.linkedin.com/jobs/view/assistant-store-supervisor-at-talabat-4405970786?position=4&pageNum=0&refId=LgyVg1X56lx4V6wnprBd1g%3D%3D&trackingId=%2F4G8iXSQGSnHKjhzp6l76w%3D%3D
"Supervisor, Operations",noon,"Dubai, United Arab Emirates",https://ae.linkedin.com/jobs/view/supervisor-operations-at-noon-4395341973?position=5&pageNum=0&refId=LgyVg1X56lx4V6wnprBd1g%3D%3D&trackingId=5lD0beyeuybwAU4drYdCXQ%3D%3D
UAE-Creative,Apple,United Arab Emirates,https://ae.linkedin.com/jobs/view/uae-creative-at-apple-4388961370?position=6&pageNum=0&refId=LgyVg1X56lx4V6wnprBd1g%3D%3D&trackingId=3katnCjtCl%2BjKqz1uv8maA%3D%3D
UAE-Expert,Apple,United Arab Emirates,https://ae.linkedin.com/jobs/view/uae-expert-at-apple-4388952558?position=7&pageNum=0&refId=LgyVg1X56lx4V6wnprBd1g%3D%3D&trackingId=D%2B6ZLByd7kK%2BDB57y4%2FMjg%3D%3D
Complaints Management Executive,InsuranceMarket.ae™,"Dubai, Dubai, United Arab Emirates",https://ae.linkedin.com/jobs/view/complaints-management-executive-at-insurancemarket-ae%E2%84%A2-4402424475?position=8&pageNum=0&refId=LgyVg1X56lx4V6wnprBd1g%3D%3D&trackingId=6SFKFJ33%2Fk1dh6fWPp%2FxBg%3D%3D
Team Leader - Contact Center - Al Ain,First Abu Dhabi Bank (FAB),"Al Ain, Abu Dhabi Emirate, United Arab Emirates",https://ae.linkedin.com/jobs/view/team-leader-contact-center-al-ain-at-first-abu-dhabi-bank-fab-4245919041?position=9&pageNum=0&refId=LgyVg1X56lx4V6wnprBd1g%3D%3D&trackingId=W%2FWZksdm7RnuSw7POQS06w%3D%3D
Team Leader - Customer & Seller Operations,noon,"Dubai, United Arab Emirates",https://ae.linkedin.com/jobs/view/team-leader-customer-seller-operations-at-noon-4399251035?position=10&pageNum=0&refId=LgyVg1X56lx4V6wnprBd1g%3D%3D&trackingId=r5yarGswriqPyPAwSBz7Rw%3D%3D
Customer Support Specialist - Autonomous Vehicles team,Uber,"Dubai, Dubai, United Arab Emirates",https://ae.linkedin.com/jobs/view/customer-support-specialist-autonomous-vehicles-team-at-uber-4407407940?position=11&pageNum=0&refId=LgyVg1X56lx4V6wnprBd1g%3D%3D&trackingId=fuEomI0o2R9ySq6B4wtGiw%3D%3D
"Assistant, Onboarding",noon,"Dubai, United Arab Emirates",https://ae.linkedin.com/jobs/view/assistant-onboarding-at-noon-4392501447?position=12&pageNum=0&refId=LgyVg1X56lx4V6wnprBd1g%3D%3D&trackingId=ycMccZ%2BLopmfDbtcHs10kQ%3D%3D
"Team Lead, Logistics",noon,"Dubai, United Arab Emirates",https://ae.linkedin.com/jobs/view/team-lead-logistics-at-noon-4406148627?position=13&pageNum=0&refId=LgyVg1X56lx4V6wnprBd1g%3D%3D&trackingId=uQwlDJaPzeQluC91INt38w%3D%3D
Retail Sales Associate,PUMA Group,"Dubai, Dubai, United Arab Emirates",https://ae.linkedin.com/jobs/view/retail-sales-associate-at-puma-group-4292538398?position=14&pageNum=0&refId=LgyVg1X56lx4V6wnprBd1g%3D%3D&trackingId=wAQSy2UGL19WNYwPNaXo9A%3D%3D
Customer Service Advisor - Arabic and English Speaker - Dubai,Concentrix,"Dubai, Dubai, United Arab Emirates",https://ae.linkedin.com/jobs/view/customer-service-advisor-arabic-and-english-speaker-dubai-at-concentrix-4364121501?position=15&pageNum=0&refId=LgyVg1X56lx4V6wnprBd1g%3D%3D&trackingId=%2BGT2wKJD6z7e2xb6eGxKuQ%3D%3D
Stock Associate,Majid Al Futtaim,"Dubai, United Arab Emirates",https://ae.linkedin.com/jobs/view/stock-associate-at-majid-al-futtaim-4395694173?position=16&pageNum=0&refId=LgyVg1X56lx4V6wnprBd1g%3D%3D&trackingId=RzOYMFxc0GDmcHvr9WDy%2BA%3D%3D
IT Customer Support Executive (Hatta),emaratech,"Hatta, United Arab Emirates",https://ae.linkedin.com/jobs/view/it-customer-support-executive-hatta-at-emaratech-4402881626?position=17&pageNum=0&refId=LgyVg1X56lx4V6wnprBd1g%3D%3D&trackingId=zss2LgrNb3Mo94eeJhNVdA%3D%3D
Call Center Executive (Emiratized role),First Abu Dhabi Bank (FAB),"Dubai, Dubai, United Arab Emirates",https://ae.linkedin.com/jobs/view/call-center-executive-emiratized-role-at-first-abu-dhabi-bank-fab-4145019823?position=18&pageNum=0&refId=LgyVg1X56lx4V6wnprBd1g%3D%3D&trackingId=UEAuahLGikWCxN%2BWkcmciQ%3D%3D
Product Analyst,Etihad Credit Bureau,"Dubai, United Arab Emirates",https://ae.linkedin.com/jobs/view/product-analyst-at-etihad-credit-bureau-4398699704?position=19&pageNum=0&refId=LgyVg1X56lx4V6wnprBd1g%3D%3D&trackingId=5GRvaeUkfkgm9up3yMJ03w%3D%3D
Sales Associate,Majid Al Futtaim,"Dubai, United Arab Emirates",https://ae.linkedin.com/jobs/view/sales-associate-at-majid-al-futtaim-4361821830?position=20&pageNum=0&refId=LgyVg1X56lx4V6wnprBd1g%3D%3D&trackingId=CJNaS05vl9pDTiACXVFbXA%3D%3D
Customer Service Advisor - Arabic and English Speaker - Abudhabi,Concentrix,"Abu Dhabi, Abu Dhabi Emirate, United Arab Emirates",https://ae.linkedin.com/jobs/view/customer-service-advisor-arabic-and-english-speaker-abudhabi-at-concentrix-4372458970?position=21&pageNum=0&refId=LgyVg1X56lx4V6wnprBd1g%3D%3D&trackingId=IomB3xeV7XeGCP7SF30scQ%3D%3D
Customer Service Advisor- Arabic and English Speaker - Dubai,Concentrix,"Dubai, Dubai, United Arab Emirates",https://ae.linkedin.com/jobs/view/customer-service-advisor-arabic-and-english-speaker-dubai-at-concentrix-4364131365?position=22&pageNum=0&refId=LgyVg1X56lx4V6wnprBd1g%3D%3D&trackingId=xa4RnurdFfwxi17tx88mZw%3D%3D
Sales Associate - Fashion,Majid Al Futtaim,"Dubai, United Arab Emirates",https://ae.linkedin.com/jobs/view/sales-associate-fashion-at-majid-al-futtaim-4376285338?position=23&pageNum=0&refId=LgyVg1X56lx4V6wnprBd1g%3D%3D&trackingId=5XJ0saOjZeIXcw1bn52fJA%3D%3D
"Executive, Compliance & Quality Operations (Cross-Border)",noon,"Abu Dhabi Emirate, United Arab Emirates",https://ae.linkedin.com/jobs/view/executive-compliance-quality-operations-cross-border-at-noon-4395331335?position=24&pageNum=0&refId=LgyVg1X56lx4V6wnprBd1g%3D%3D&trackingId=koDwULMMyyyQoFRzMYm9FQ%3D%3D
Help Desk Administrator,Modon,"Abu Dhabi Emirate, United Arab Emirates",https://ae.linkedin.com/jobs/view/help-desk-administrator-at-modon-4393839064?position=25&pageNum=0&refId=LgyVg1X56lx4V6wnprBd1g%3D%3D&trackingId=0q%2FnBEeyIx1jgi%2FF8dXMMA%3D%3D
Customer Success Manager,Xpress Automation,"Dubai, United Arab Emirates",https://ae.linkedin.com/jobs/view/customer-success-manager-at-xpress-automation-4399521919?position=26&pageNum=0&refId=LgyVg1X56lx4V6wnprBd1g%3D%3D&trackingId=CovHp8JOKOPX56zjI7AjuQ%3D%3D
Customer Service Advisor - Arabic and English Speaker - Insurance sector,Concentrix,"Abu Dhabi, Abu Dhabi Emirate, United Arab Emirates",https://ae.linkedin.com/jobs/view/customer-service-advisor-arabic-and-english-speaker-insurance-sector-at-concentrix-4372465740?position=27&pageNum=0&refId=LgyVg1X56lx4V6wnprBd1g%3D%3D&trackingId=X2nFJ6mnfePzWTfPmobI6g%3D%3D
Recruitment Executive,ADNOC Schools – (Education Company inside ADNOC Oil and Gas Group),"Abu Dhabi Emirate, United Arab Emirates",https://ae.linkedin.com/jobs/view/recruitment-executive-at-adnoc-schools-%E2%80%93-education-company-inside-adnoc-oil-and-gas-group-4402730623?position=28&pageNum=0&refId=LgyVg1X56lx4V6wnprBd1g%3D%3D&trackingId=vZLY%2BWG97EL5GalSdwk4yw%3D%3D
IT Support Specialist,Rapyd,"Dubai, United Arab Emirates",https://ae.linkedin.com/jobs/view/it-support-specialist-at-rapyd-4391878082?position=29&pageNum=0&refId=LgyVg1X56lx4V6wnprBd1g%3D%3D&trackingId=KWh6Edf8OcFhsKcodFVZTw%3D%3D
Customer Service Advisor - Arabic and English Speaker - Medical,Concentrix,"Abu Dhabi, Abu Dhabi Emirate, United Arab Emirates",https://ae.linkedin.com/jobs/view/customer-service-advisor-arabic-and-english-speaker-medical-at-concentrix-4372463740?position=30&pageNum=0&refId=LgyVg1X56lx4V6wnprBd1g%3D%3D&trackingId=irdLG1NhX3ohsjxsyduyuA%3D%3D
"Team Lead, Training",noon,"Abu Dhabi Emirate, United Arab Emirates",https://ae.linkedin.com/jobs/view/team-lead-training-at-noon-4395337137?position=31&pageNum=0&refId=LgyVg1X56lx4V6wnprBd1g%3D%3D&trackingId=vIeW29E%2B0sXoopy844gPqw%3D%3D
Seller Operations Team Lead,noon,"Dubai, United Arab Emirates",https://ae.linkedin.com/jobs/view/seller-operations-team-lead-at-noon-4405895459?position=32&pageNum=0&refId=LgyVg1X56lx4V6wnprBd1g%3D%3D&trackingId=TCH5CZcel%2FfBbndOnGNccQ%3D%3D
Customer Service Executive - Temp 3 Month Contract,Edenred UAE,"Dubai, Dubai, United Arab Emirates",https://ae.linkedin.com/jobs/view/customer-service-executive-temp-3-month-contract-at-edenred-uae-4405673051?position=33&pageNum=0&refId=LgyVg1X56lx4V6wnprBd1g%3D%3D&trackingId=D2llYYrS0AMQkjbxZUulxQ%3D%3D
Area Supervisor - SHOT,noon,"Dubai, United Arab Emirates",https://ae.linkedin.com/jobs/view/area-supervisor-shot-at-noon-4395336984?position=34&pageNum=0&refId=LgyVg1X56lx4V6wnprBd1g%3D%3D&trackingId=KRb9Y%2B0tHgwb5LZXiwd1BQ%3D%3D
"Team Leader, Contact Centre - Abu Dhabi",First Abu Dhabi Bank (FAB),"Abu Dhabi, Abu Dhabi Emirate, United Arab Emirates",https://ae.linkedin.com/jobs/view/team-leader-contact-centre-abu-dhabi-at-first-abu-dhabi-bank-fab-4245919039?position=35&pageNum=0&refId=LgyVg1X56lx4V6wnprBd1g%3D%3D&trackingId=PgXbn%2FhDiajdVGZY1lyvlw%3D%3D
Site Supervisor,Emirates Industrial Panel (EIP),"Dubai, Dubai, United Arab Emirates",https://ae.linkedin.com/jobs/view/site-supervisor-at-emirates-industrial-panel-eip-4379660547?position=36&pageNum=0&refId=LgyVg1X56lx4V6wnprBd1g%3D%3D&trackingId=erbRJsuxaQV4Q1qr0qMUew%3D%3D
Intern,Modon,"Abu Dhabi Emirate, United Arab Emirates",https://ae.linkedin.com/jobs/view/intern-at-modon-4397508898?position=37&pageNum=0&refId=LgyVg1X56lx4V6wnprBd1g%3D%3D&trackingId=uWHd6353NKyCij3IWeszBw%3D%3D
"General Manager, Dubai Mall Online",noon,"Dubai, United Arab Emirates",https://ae.linkedin.com/jobs/view/general-manager-dubai-mall-online-at-noon-4396584482?position=38&pageNum=0&refId=LgyVg1X56lx4V6wnprBd1g%3D%3D&trackingId=rz4SW9o47oeKv3j%2Fk320rw%3D%3D
Site HSE Officer,Emirates Industrial Panel (EIP),"Dubai, Dubai, United Arab Emirates",https://ae.linkedin.com/jobs/view/site-hse-officer-at-emirates-industrial-panel-eip-4379652820?position=39&pageNum=0&refId=LgyVg1X56lx4V6wnprBd1g%3D%3D&trackingId=FpI3IlDkpIL7nA%2Fqr2hJOg%3D%3D
Customer Service Team Member,John Crane,"Dubai, United Arab Emirates",https://ae.linkedin.com/jobs/view/customer-service-team-member-at-john-crane-4399662605?position=40&pageNum=0&refId=LgyVg1X56lx4V6wnprBd1g%3D%3D&trackingId=tjTorl7dtERJSsSfbAJFSQ%3D%3D
UAE-Technical Specialist,Apple,United Arab Emirates,https://ae.linkedin.com/jobs/view/uae-technical-specialist-at-apple-4388961369?position=41&pageNum=0&refId=LgyVg1X56lx4V6wnprBd1g%3D%3D&trackingId=nQdoOqIPenDaxFEWO8H7UA%3D%3D
Assistant Store Manager - Dubaï,Polène Paris,United Arab Emirates,https://ae.linkedin.com/jobs/view/assistant-store-manager-duba%C3%AF-at-pol%C3%A8ne-paris-4384180467?position=42&pageNum=0&refId=LgyVg1X56lx4V6wnprBd1g%3D%3D&trackingId=X67NMoA0h79cs1sVJqrSlw%3D%3D
Assistant Facilities Manager,noon,"Abu Dhabi Emirate, United Arab Emirates",https://ae.linkedin.com/jobs/view/assistant-facilities-manager-at-noon-4405665687?position=43&pageNum=0&refId=LgyVg1X56lx4V6wnprBd1g%3D%3D&trackingId=Vsk24c9JFR3GZovycBuXTw%3D%3D
Patrons and Guest Relations Coordinator,Sharjah Art Foundation,"Sharjah, Sharjah Emirate, United Arab Emirates",https://ae.linkedin.com/jobs/view/patrons-and-guest-relations-coordinator-at-sharjah-art-foundation-4399115136?position=44&pageNum=0&refId=LgyVg1X56lx4V6wnprBd1g%3D%3D&trackingId=QdWQBjOiy%2B5G5ssCAHhHog%3D%3D
Store Associate (Mobile),Landmark Group,"Dubai, United Arab Emirates",https://ae.linkedin.com/jobs/view/store-associate-mobile-at-landmark-group-4398823721?position=45&pageNum=0&refId=LgyVg1X56lx4V6wnprBd1g%3D%3D&trackingId=ePtZSz7JBzZIFMq7uqYQpA%3D%3D
Executive Assistant,QuantumGate,"Abu Dhabi, Abu Dhabi Emirate, United Arab Emirates",https://ae.linkedin.com/jobs/view/executive-assistant-at-quantumgate-4404189276?position=46&pageNum=0&refId=LgyVg1X56lx4V6wnprBd1g%3D%3D&trackingId=NzGYpepKlFZNEi5ob2PRFw%3D%3D
"Manager, Warehouse",noon,"Dubai, United Arab Emirates",https://ae.linkedin.com/jobs/view/manager-warehouse-at-noon-4400389493?position=47&pageNum=0&refId=LgyVg1X56lx4V6wnprBd1g%3D%3D&trackingId=4nbY3HcnRG7wn1kdBKznJQ%3D%3D
Analyst,Weber Shandwick,"Dubai, United Arab Emirates",https://ae.linkedin.com/jobs/view/analyst-at-weber-shandwick-4398480088?position=48&pageNum=0&refId=LgyVg1X56lx4V6wnprBd1g%3D%3D&trackingId=%2Fp2vDND4y9%2BBaFhjYAWK6Q%3D%3D
Relationship Officer,CFI Financial Group,"Abu Dhabi Emirate, United Arab Emirates",https://ae.linkedin.com/jobs/view/relationship-officer-at-cfi-financial-group-4406206013?position=49&pageNum=0&refId=LgyVg1X56lx4V6wnprBd1g%3D%3D&trackingId=9J3bVcz%2BsHSSqD373PWBzg%3D%3D
Human Resources Assistant,Tuscan Consulting,"Dubai, Dubai, United Arab Emirates",https://ae.linkedin.com/jobs/view/human-resources-assistant-at-tuscan-consulting-4404676821?position=50&pageNum=0&refId=LgyVg1X56lx4V6wnprBd1g%3D%3D&trackingId=cyYQFKN9DRiXpuqmwg0Gfg%3D%3D
Elementary Coordinator,ADNOC Schools – (Education Company inside ADNOC Oil and Gas Group),"Abu Dhabi Emirate, United Arab Emirates",https://ae.linkedin.com/jobs/view/elementary-coordinator-at-adnoc-schools-%E2%80%93-education-company-inside-adnoc-oil-and-gas-group-4397269544?position=51&pageNum=0&refId=LgyVg1X56lx4V6wnprBd1g%3D%3D&trackingId=npMt96fMbjDnfoVoATi6GQ%3D%3D
Remote Data Entry Specialist - Assistant Administrator,Recruit-Lytix,"Abu Dhabi, Abu Dhabi Emirate, United Arab Emirates",https://ae.linkedin.com/jobs/view/remote-data-entry-specialist-assistant-administrator-at-recruit-lytix-4407163507?position=52&pageNum=0&refId=LgyVg1X56lx4V6wnprBd1g%3D%3D&trackingId=Nu8xfGOPeQJJjqn%2BahbpfA%3D%3D
Social Media Executive,Hashtag,"Dubai, United Arab Emirates",https://ae.linkedin.com/jobs/view/social-media-executive-at-hashtag-4403621027?position=53&pageNum=0&refId=LgyVg1X56lx4V6wnprBd1g%3D%3D&trackingId=72qji3FB7m9yo6wbsOjR4w%3D%3D
"Sales Specialist (Dubai, UAE)",Collecting Cars,"Dubai, Dubai, United Arab Emirates",https://ae.linkedin.com/jobs/view/sales-specialist-dubai-uae-at-collecting-cars-4407177484?position=54&pageNum=0&refId=LgyVg1X56lx4V6wnprBd1g%3D%3D&trackingId=MVXvnDYfIgQd%2Bab%2F%2Fn7L7w%3D%3D
Personal Assistant,Confidential,"Dubai, United Arab Emirates",https://ae.linkedin.com/jobs/view/personal-assistant-at-confidential-4405632178?position=55&pageNum=0&refId=LgyVg1X56lx4V6wnprBd1g%3D%3D&trackingId=oT4QGikK1%2BYSQYg5DUVuig%3D%3D
Relationship Officer,First Abu Dhabi Bank (FAB),"Dubai, Dubai, United Arab Emirates",https://ae.linkedin.com/jobs/view/relationship-officer-at-first-abu-dhabi-bank-fab-4343743934?position=56&pageNum=0&refId=LgyVg1X56lx4V6wnprBd1g%3D%3D&trackingId=lQHpa1vdMCHYrqg0E5RCJQ%3D%3D
Entrepreneur in Residence,noon,"Dubai, United Arab Emirates",https://ae.linkedin.com/jobs/view/entrepreneur-in-residence-at-noon-4383709933?position=57&pageNum=0&refId=LgyVg1X56lx4V6wnprBd1g%3D%3D&trackingId=%2FhVvMwXh%2BuP4Fj0bc1Re6g%3D%3D
Senior Quality Assurance Associate,noon,"Dubai, United Arab Emirates",https://ae.linkedin.com/jobs/view/senior-quality-assurance-associate-at-noon-4401089644?position=58&pageNum=0&refId=LgyVg1X56lx4V6wnprBd1g%3D%3D&trackingId=2aYWJiWP41O9mWyfiJquZA%3D%3D
Junior Front-End Developer (Remote),PULSE (MENA REGION),"Dubai, Dubai, United Arab Emirates",https://ae.linkedin.com/jobs/view/junior-front-end-developer-remote-at-pulse-mena-region-4404010240?position=59&pageNum=0&refId=LgyVg1X56lx4V6wnprBd1g%3D%3D&trackingId=Thjt3d8%2F9SXTtTaKuvo81w%3D%3D
Game Tester- Shooter Games,iBLOXX Studios DMCC,"Dubai, Dubai, United Arab Emirates",https://ae.linkedin.com/jobs/view/game-tester-shooter-games-at-ibloxx-studios-dmcc-4396958689?position=60&pageNum=0&refId=LgyVg1X56lx4V6wnprBd1g%3D%3D&trackingId=XNXvDuYMPtDVY0QWvGPfEQ%3D%3D
